Country name,Ladder score,Standard error of ladder score,upperwhisker,lowerwhisker,Logged GDP per capita,Social support,Healthy life expectancy,Freedom to make life choices,Generosity,Perceptions of corruption,Ladder score in Dystopia,Explained by: Log GDP per capita,Explained by: Social support,Explained by: Healthy life expectancy,Explained by: Freedom to make life choices,Explained by: Generosity,Explained by: Perceptions of corruption,Dystopia + residual,Country,"Density
(P/Km2)",Abbreviation,Agricultural Land( %),Land Area(Km2),Armed Forces size,Birth Rate,Calling Code,Capital/Major City,Co2-Emissions,CPI,CPI Change (%),Currency-Code,Fertility Rate,Forested Area (%),Gasoline Price,GDP,Gross primary education enrollment (%),Gross tertiary education enrollment (%),Infant mortality,Largest city,Life expectancy,Maternal mortality ratio,Minimum wage,Official language,Out of pocket health expenditure,Physicians per thousand,Population,Population: Labor force participation (%),Tax revenue (%),Total tax rate,Unemployment rate,Urban_population,Latitude,Longitude,GDP per capita,Income Category,Region
Finland,7.804200172424316,0.0361623615026474,7.875078201293945,7.733322143554687,10.792010307312012,0.9687696099281312,71.14999389648438,0.9614078998565674,-0.0188241656869649,0.1817445605993271,1.777825117111206,1.8883804082870483,1.584899663925171,0.5345736742019653,0.7715099453926086,0.1263311952352523,0.5352985858917236,2.363241195678711,Finland,18,FI,7.50%,"338,145","25,000",8.6,358.0,Helsinki,"45,871",112.33,1.00%,EUR,1.41,73.10%,$1.45 ,"$268,761,201,365 ",100.20%,88.20%,1.4,Helsinki,81.7,3.0,,Swedish,19.90%,3.81,"5,520,314",59.10%,20.80%,36.60%,6.59%,"4,716,888",61.92411,25.748151,48630.70046739131,High-income,Europe
Denmark,7.586400032043457,0.0410279482603073,7.666814804077148,7.505985260009766,10.962163925170898,0.9541122317314148,71.2501449584961,0.9335328340530396,0.1342421621084213,0.1958138942718505,1.777825117111206,1.949405550956726,1.5478748083114624,0.5373024940490723,0.7344158887863159,0.2084585130214691,0.5252211689949036,2.0837655067443848,Denmark,137,DK,62.00%,"43,094","15,000",10.6,45.0,Copenhagen,"31,786",110.35,0.80%,DKK,1.73,14.70%,$1.55 ,"$348,078,018,464 ",101.30%,80.60%,3.6,Copenhagen,81.0,4.0,,Danish,13.70%,4.01,"5,818,553",62.20%,32.40%,23.80%,4.91%,"5,119,978",56.26392,9.501785,57651.06073941691,High-income,Europe
Iceland,7.529600143432617,0.0486115179955959,7.624878883361816,7.434321403503418,10.895530700683594,0.9825330972671508,72.05001831054688,0.9363492131233216,0.2109865397214889,0.6678478121757507,1.777825117111206,1.925507664680481,1.6196664571762085,0.5590963959693909,0.7381637096405029,0.2496354877948761,0.1871187835931778,2.250382423400879,Iceland,3,IS,18.70%,"103,000",0,12.0,354.0,Reykjav��,"2,065",129,3.00%,ISK,1.71,0.50%,$1.69 ,"$24,188,035,739 ",100.40%,71.80%,1.5,Reykjav��,82.7,4.0,,Icelandic,17.00%,4.08,"361,313",75.00%,23.30%,31.90%,2.84%,"339,110",64.963051,-19.020835,53934.773682422485,High-income,Europe
Israel,7.472899913787842,0.0316088572144508,7.534853458404541,7.410946369171143,10.638705253601074,0.943343997001648,72.69720458984375,0.8088658452033997,-0.0230800509452819,0.7080935835838318,1.777825117111206,1.8333979845047,1.5206738710403442,0.5767300128936768,0.5685182809829712,0.1240477114915847,0.1582920551300048,2.6912899017333984,Israel,400,IL,24.60%,"20,770","178,000",20.8,972.0,Jerusalem,"65,166",108.15,0.80%,ILS,3.09,7.70%,$1.57 ,"$395,098,666,122 ",104.90%,63.40%,3.0,Jerusalem,82.8,3.0,$7.58 ,Hebrew,24.40%,4.62,"9,053,300",64.00%,23.10%,25.30%,3.86%,"8,374,393",31.046051,34.851612,41718.72107157437,High-income,Asia
Netherlands,7.402999877929687,0.0292941853404045,7.460416316986084,7.345583438873291,10.942278861999512,0.9304993152618408,71.55001831054688,0.8868750929832458,0.212686151266098,0.3789292871952057,1.777825117111206,1.9422738552093504,1.4882279634475708,0.545473039150238,0.6723272204399109,0.2505474090576172,0.3940616548061371,2.110043525695801,Netherlands,508,NL,53.30%,"41,543","41,000",9.7,31.0,Amsterdam,"170,780",115.91,2.60%,,1.59,11.20%,$1.68 ,"$909,070,395,161 ",104.20%,85.00%,3.3,Amsterdam,81.8,5.0,$10.29 ,Dutch,12.30%,3.61,"17,332,850",63.60%,23.00%,41.20%,3.20%,"15,924,729",52.132633,5.291266,56515.988646717415,High-income,Europe
Sweden,7.395199775695801,0.0373615100979805,7.468428134918213,7.321971416473389,10.88282299041748,0.9392486810684204,72.15015411376953,0.9479710459709167,0.1647885739803314,0.2024483829736709,1.777825117111206,1.920950174331665,1.510329008102417,0.5618247389793396,0.753629207611084,0.2248480916023254,0.5204691290855408,1.903127193450928,Sweden,25,SE,7.40%,"450,295","30,000",11.4,46.0,Stockholm,"43,252",110.51,1.80%,SEK,1.76,68.90%,$1.42 ,"$530,832,908,738 ",126.60%,67.00%,2.2,S�����,82.5,4.0,,Swedish,15.20%,3.98,"10,285,453",64.60%,27.90%,49.10%,6.48%,"9,021,165",60.128161,18.643501,53253.72266965786,High-income,Europe
Norway,7.315499782562256,0.0441427789628505,7.402019500732422,7.22898006439209,11.087730407714844,0.9434765577316284,71.5000228881836,0.9466164112091064,0.1406360566616058,0.2827447056770324,1.777825117111206,1.9944396018981927,1.5210087299346924,0.5441108345985413,0.7518265247344971,0.2118891179561615,0.4629554748535156,1.829270362854004,Norway,15,NO,2.70%,"323,802","23,000",10.4,47.0,Oslo,"41,023",120.27,2.20%,NOK,1.56,33.20%,$1.78 ,"$403,336,363,636 ",100.30%,82.00%,2.1,Oslo,82.8,2.0,,Norwegian,14.30%,2.92,"5,347,896",63.80%,23.90%,36.20%,3.35%,"4,418,218",60.472024,8.468946,65364.227502619615,High-income,Europe
Switzerland,7.240099906921387,0.0427887141704559,7.323965549468994,7.156234264373779,11.164027214050291,0.9204392433166504,72.89995574951172,0.8910744190216064,0.026686418801546,0.266347587108612,1.777825117111206,2.021803140640259,1.4628159999847412,0.5822543501853943,0.6779153347015381,0.1507497727870941,0.4747002124786377,1.8698468208312988,Switzerland,219,CH,38.40%,"41,277","21,000",10.0,41.0,Bern,"34,477",99.55,0.40%,CHF,1.52,31.80%,$1.45 ,"$703,082,435,360 ",105.20%,59.60%,3.7,Z���,83.6,5.0,,German,28.30%,4.3,"8,574,832",68.30%,10.10%,28.80%,4.58%,"6,332,428",46.818188,8.227512,70546.49070235893,High-income,Europe
Luxembourg,7.22790002822876,0.0690805241465568,7.363297939300537,7.092502117156982,11.65994930267334,0.878500759601593,71.67500305175781,0.9149384498596193,0.0239496231079101,0.3449783027172088,1.777825117111206,2.199664354324341,1.3568785190582275,0.5488784313201904,0.7096718549728394,0.1492813527584076,0.4183795750141144,1.8451805114746087,Luxembourg,242,LU,53.70%,"2,586","2,000",10.3,352.0,Luxembourg City,"8,988",115.09,1.70%,EUR,1.37,35.70%,$1.19 ,"$71,104,919,108 ",102.30%,19.20%,1.9,Luxembourg City,82.1,5.0,$13.05 ,Luxembourgish,10.60%,3.01,"645,397",59.30%,26.50%,20.40%,5.36%,"565,488",49.815273,6.129583,115838.15758568358,High-income,Europe
New Zealand,7.122900009155273,0.0382267981767654,7.197824478149414,7.047975540161133,10.661865234375,0.9523983597755432,70.35005187988281,0.8865742683410645,0.1748282313346862,0.2712054550647735,1.777825117111206,1.841704249382019,1.5435456037521362,0.5127779245376587,0.6719269156455994,0.2302348315715789,0.4712207019329071,1.8515191078186035,New Zealand,18,NZ,40.50%,"268,838","9,000",11.98,64.0,Wellington,"34,382",114.24,1.60%,NZD,1.71,38.60%,$1.40 ,"$206,928,765,544 ",100.00%,82.00%,4.7,Auckland,81.9,9.0,$11.49 ,English,12.60%,3.59,"4,841,000",69.90%,29.00%,34.60%,4.07%,"4,258,860",-40.900557,174.885971,42696.20137023348,High-income,Oceania
Austria,7.097300052642822,0.0404010862112045,7.176486015319824,7.01811408996582,10.898905754089355,0.8884358406066895,71.1500473022461,0.8547372817993164,0.1016044691205024,0.4967743754386902,1.777825117111206,1.92671811580658,1.381974697113037,0.5345751643180847,0.6295605897903442,0.1909468322992324,0.3096530735492706,2.12389612197876,Austria,109,AT,32.40%,"83,871","21,000",9.7,43.0,Vienna,"61,448",118.06,1.50%,EUR,1.47,46.90%,$1.20 ,"$446,314,739,528 ",103.10%,85.10%,2.9,Vienna,81.6,5.0,,German,17.90%,5.17,"8,877,067",60.70%,25.40%,51.40%,4.67%,"5,194,416",47.516231,14.550072,54117.11395502111,High-income,Europe
Australia,7.094600200653076,0.0435496680438518,7.179957389831543,7.009243011474609,10.821048736572266,0.9338704347610474,71.04994201660156,0.890199601650238,0.1975610703229904,0.4959157407283783,1.777825117111206,1.8987950086593628,1.4967434406280518,0.5318475961685181,0.6767511963844299,0.2424320876598358,0.3102680742740631,1.9377427101135247,Australia,3,AU,48.20%,"7,741,220","58,000",12.6,61.0,Canberra,"375,908",119.8,1.60%,AUD,1.74,16.30%,$0.93 ,"$1,392,680,589,329 ",100.30%,113.10%,3.1,Sydney,82.7,6.0,$13.59 ,,19.60%,3.68,"25,766,605",65.50%,23.00%,47.40%,5.27%,"21,844,756",-25.274398,133.775136,50063.56297641005,High-income,Oceania
Canada,6.960700035095215,0.0416626334190368,7.042358875274658,6.879041194915772,10.772655487060549,0.9287933111190796,71.40003967285156,0.8744681477546692,0.1525465101003646,0.4202114045619964,1.777825117111206,1.8814388513565063,1.48391854763031,0.541386604309082,0.6558169722557068,0.2182796448469162,0.3644925951957702,1.81537675857544,Canada,4,CA,6.90%,"9,984,670","72,000",10.1,1.0,Ottawa,"544,894",116.76,1.90%,CAD,1.5,38.20%,$0.81 ,"$1,736,425,629,520 ",100.90%,68.90%,4.3,Toronto,81.9,10.0,$9.51 ,French,14.60%,2.61,"36,991,981",65.10%,12.80%,24.50%,5.56%,"30,628,482",56.130366,-106.346771,47698.51226898348,High-income,North America
United States of America,6.893700122833252,0.0469230115413665,6.985669136047363,6.801731109619141,11.04824924468994,0.9191621541976928,65.85025024414062,0.8004881143569946,0.1365049034357071,0.6885946989059448,1.777825117111206,1.980279803276062,1.459589958190918,0.3901733458042145,0.5573698282241821,0.2096725553274154,0.1722584664821624,2.1243481636047363,United States,36,US,44.40%,"9,833,517","1,359,000",11.6,1.0,"Washington, D.C.","5,006,302",117.24,7.50%,USD,1.73,33.90%,$0.71 ,"$21,427,700,000,000 ",101.80%,88.20%,5.6,New York City,78.5,19.0,$7.25 ,,11.10%,2.61,"328,239,523",62.00%,9.60%,36.60%,14.70%,"270,663,028",37.09024,-95.712891,62833.851552623375,High-income,North America
Germany,6.8917999267578125,0.0494862608611583,6.988792896270752,6.794806957244873,10.878609657287598,0.8959547877311707,71.29983520507812,0.845851480960846,0.0300377290695905,0.4195641279220581,1.777825117111206,1.9194389581680296,1.4009678363800049,0.5386563539505005,0.6177360415458679,0.1525479108095169,0.3649562299251556,1.8975253105163568,Germany,240,DE,47.70%,"357,022","180,000",9.5,49.0,Berlin,"727,973",112.85,1.40%,EUR,1.56,32.70%,$1.39 ,"$3,845,630,030,824 ",104.00%,70.20%,3.1,Berlin,80.9,7.0,$9.99 ,German,12.50%,4.25,"83,132,799",60.80%,11.50%,48.80%,3.04%,"64,324,835",51.165691,10.451526,53029.81901721389,High-income,Europe
Belgium,6.859099864959717,0.0339434407651424,6.925629138946533,6.7925705909729,10.843586921691896,0.9148709774017334,70.89908599853516,0.8252285122871399,0.0014193850802257,0.5485734343528748,1.777825117111206,1.9068782329559328,1.448750376701355,0.5277373194694519,0.5902925133705139,0.137192815542221,0.2725510895252228,1.9757428169250488,Belgium,383,BE,44.60%,"30,528","32,000",10.3,32.0,City of Brussels,"96,889",117.11,1.40%,EUR,1.62,22.60%,$1.43 ,"$529,606,710,418 ",103.90%,79.70%,2.9,Brussels,81.6,5.0,$10.31 ,French,17.60%,3.07,"11,484,055",53.60%,24.00%,55.40%,5.59%,"11,259,082",50.503887,4.469936,51204.71628321867,High-income,Europe
United Kingdom,6.795599937438965,0.0415226258337497,6.876984119415283,6.714215755462647,10.70424461364746,0.8822047114372253,70.30000305175781,0.8521915674209595,0.2533075213432312,0.4540797472000122,1.777825117111206,1.856903433799744,1.3662347793579102,0.5114142894744873,0.6261729598045349,0.2723426818847656,0.3402338325977325,1.8223381042480469,United Kingdom,281,GB,71.70%,"243,610","148,000",11.0,44.0,London,"379,025",119.62,1.70%,GBP,1.68,13.10%,$1.46 ,"$2,827,113,184,696 ",101.20%,60.00%,3.6,London,81.3,7.0,$10.13 ,English,14.80%,2.81,"66,834,405",62.80%,25.50%,30.60%,3.85%,"55,908,316",55.378051,-3.435973,44544.52873834085,High-income,Europe
Lithuania,6.763000011444092,0.0440351031720638,6.849308967590332,6.676691055297852,10.567838668823242,0.9393466114997864,67.3969955444336,0.7478520274162292,-0.1452128291130066,0.8050867319107056,1.777825117111206,1.807981848716736,1.5105764865875244,0.4323169887065887,0.4873256087303161,0.0585177168250083,0.0888190567493438,2.377429485321045,Lithuania,43,LT,47.20%,"65,300","34,000",10.0,370.0,Vilnius,"12,963",118.38,2.30%,EUR,1.63,34.80%,$1.16 ,"$54,219,315,600 ",103.90%,72.40%,3.3,Vilnius,75.7,8.0,$2.41 ,Lithuanian,32.10%,6.35,"2,786,844",61.60%,16.90%,42.60%,6.35%,"1,891,013",55.169438,23.881275,38864.58364766168,High-income,Europe
France,6.661300182342529,0.0376057401299476,6.735007286071777,6.587593078613281,10.700735092163086,0.9088037610054016,72.30005645751953,0.818730354309082,-0.1002898514270782,0.5526185035705566,1.777825117111206,1.8556448221206665,1.4334245920181274,0.5659090876579285,0.5816452503204346,0.0826210081577301,0.2696537375450134,1.872446060180664,France,119,FR,52.40%,"643,801","307,000",11.3,33.0,Paris,"303,276",110.05,1.10%,EUR,1.88,31.20%,$1.39 ,"$2,715,518,274,227 ",102.50%,65.60%,3.4,Paris,82.5,8.0,$11.16 ,French,6.80%,3.27,"67,059,887",55.10%,24.20%,60.70%,8.43%,"54,123,364",46.227638,2.213749,44388.472758803895,High-income,Europe
Slovenia,6.649899959564209,0.0508371666073799,6.74954080581665,6.550259113311768,10.58829116821289,0.9505247473716736,71.05184936523438,0.9132804870605468,0.0144006377086043,0.7712460160255432,1.777825117111206,1.815317153930664,1.5388127565383911,0.5318995714187622,0.7074655294418335,0.1441578716039657,0.1130580455064773,1.7991509437561035,Slovenia,103,SI,30.70%,"20,273","7,000",9.4,386.0,Ljubljana,"12,633",111.05,1.60%,EUR,1.6,62.00%,$1.32 ,"$53,742,159,517 ",100.40%,78.60%,1.7,Ljubljana,81.0,7.0,$5.25 ,Slovene language,12.50%,3.09,"2,087,946",58.40%,18.60%,31.00%,4.20%,"1,144,654",46.151241,14.995463,39667.64584198289,High-income,Europe
Costa Rica,6.608500003814697,0.0516055151820182,6.709646701812744,6.50735330581665,9.951566696166992,0.8716379404067993,70.0,0.8950209617614746,-0.0698049068450927,0.767810046672821,1.777825117111206,1.5869576930999756,1.3395427465438845,0.503240168094635,0.6831671595573425,0.0989776253700256,0.1155191212892532,2.281061172485352,Costa Rica,100,CR,34.50%,"51,100","10,000",13.97,506.0,San Jos������,"8,023",128.85,2.10%,CRC,1.75,54.60%,$0.98 ,"$61,773,944,174 ",113.30%,55.20%,7.6,San Jos������,80.1,27.0,$1.84 ,Spanish,21.50%,2.89,"5,047,561",62.10%,13.60%,58.30%,11.85%,"4,041,885",9.748917,-83.753428,20985.073875709368,High-income,North America
Romania,6.589099884033203,0.0515877231955528,6.690211772918701,6.487987995147705,10.339055061340332,0.8479619026184082,67.05085754394531,0.8558145761489868,-0.1717483699321746,0.9290894269943236,1.777825117111206,1.7259292602539062,1.2797365188598633,0.4228858947753906,0.6309942007064819,0.044280145317316,0.0,2.4853105545043945,Romania,84,RO,58.80%,"238,391","126,000",9.6,40.0,Bucharest,"69,259",123.78,3.80%,RON,1.71,30.10%,$1.16 ,"$250,077,444,017 ",85.20%,49.40%,6.1,Bucharest,75.4,19.0,$2.25 ,Romanian,21.30%,2.98,"19,356,544",54.70%,14.60%,20.00%,3.98%,"10,468,793",45.943161,24.96676,30916.801758535144,High-income,Europe
Singapore,6.586699962615967,0.0679196491837501,6.719822406768799,6.453577518463135,11.571497917175291,0.8775396943092346,73.80000305175781,0.8776695728302002,0.0627389848232269,0.1461123824119568,1.777825117111206,2.167941331863404,1.3544509410858154,0.6067776083946228,0.6600772142410278,0.1700936704874038,0.5608206987380981,1.0665555000305176,Singapore,"8,358",SG,0.90%,716,"81,000",8.8,65.0,,"37,535",114.41,0.60%,SGD,1.14,23.10%,$1.25 ,"$372,062,527,489 ",100.60%,84.80%,2.3,,83.1,8.0,,Malay,36.70%,2.29,"5,703,569",70.50%,13.10%,21.00%,4.11%,"5,703,569",1.352083,103.819836,106032.18055645683,High-income,Asia
United Arab Emirates,6.571199893951416,0.0432604178786277,6.655990123748779,6.486409664154053,11.145174026489258,0.825512707233429,66.24315643310547,0.9417835474014282,0.0956914871931076,0.5837928652763367,1.777825117111206,2.0150415897369385,1.2230294942855835,0.4008787274360657,0.745395302772522,0.1877742558717727,0.2473245859146118,1.751781940460205,United Arab Emirates,118,AE,5.50%,"83,600","63,000",10.33,971.0,Abu Dhabi,"206,324",114.52,-1.90%,AED,1.41,4.60%,$0.49 ,"$421,142,267,938 ",108.40%,36.80%,6.5,Dubai,77.8,3.0,,Arabic,17.80%,2.53,"9,770,529",82.10%,0.10%,15.90%,2.35%,"8,479,744",23.424076,53.847818,69228.92367690075,High-income,Asia
Uruguay,6.493899822235107,0.0456733591854572,6.583419799804688,6.404379844665527,10.03650951385498,0.9132089614868164,67.5,0.8952000141143799,-0.0646173283457756,0.574579119682312,1.777825117111206,1.617422103881836,1.4445520639419556,0.4351235330104828,0.6834053993225098,0.1017609983682632,0.2539240717887878,1.9577207565307613,Uruguay,20,UY,82.60%,"176,215","22,000",13.86,598.0,Montevideo,"6,766",202.92,7.90%,UYU,1.97,10.70%,$1.50 ,"$56,045,912,952 ",108.50%,63.10%,6.4,Montevideo,77.8,17.0,$1.66 ,Spanish,16.20%,5.05,"3,461,734",64.00%,20.10%,41.80%,8.73%,"3,303,394",-32.522779,-55.765835,22845.501678455443,High-income,South America
Slovakia,6.468599796295166,0.0556276775896549,6.577630043029785,6.359569549560547,10.353433609008787,0.9525606036186218,68.83783721923828,0.7532278895378113,-0.0164425987750291,0.897835910320282,1.777825117111206,1.7310861349105835,1.5439553260803225,0.4715751409530639,0.4944794178009033,0.1276090145111084,0.0223858673125505,2.0775585174560547,Slovakia,114,SK,39.20%,"49,035","16,000",10.6,421.0,Bratislava,"32,424",115.34,2.70%,EUR,1.52,40.40%,$1.32 ,"$105,422,304,976 ",98.70%,46.60%,4.6,Bratislava,77.2,5.0,$3.11 ,Slovak,18.40%,3.42,"5,454,073",59.50%,18.70%,49.70%,5.56%,"2,930,419",48.669026,19.699024,31364.5517496138,High-income,Europe
Saudi Arabia,6.462600231170654,0.0606304109096527,6.581435680389404,6.343764781951904,10.71545124053955,0.8838691711425781,64.39929962158203,0.8938149809837341,-0.0806520581245422,0.6913089752197266,1.777825117111206,1.8609226942062376,1.3704391717910769,0.3506397604942322,0.6815623044967651,0.0931576117873191,0.1703143268823623,1.9355592727661133,Saudi Arabia,16,SA,80.80%,"2,149,690","252,000",17.8,966.0,Riyadh,"563,449",118.4,-1.20%,SAR,2.32,0.50%,$0.24 ,"$792,966,838,162 ",99.80%,68.00%,6.0,Riyadh,75.0,17.0,$3.85 ,Arabic,15.00%,2.61,"34,268,528",55.90%,8.90%,15.70%,5.93%,"28,807,838",23.885942,45.079162,45046.5302701385,High-income,Asia
Estonia,6.4552001953125,0.0400597006082534,6.533717155456543,6.376683235168457,10.541337966918944,0.945625901222229,69.6501693725586,0.9287907481193542,0.0317642949521541,0.4094670116901397,1.777825117111206,1.7984774112701416,1.5264379978179932,0.4937084913253784,0.7281054854393005,0.153474286198616,0.3721884787082672,1.3828096389770508,Estonia,31,EE,23.10%,"45,228","6,000",10.9,372.0,Tallinn,"16,590",122.14,2.30%,EUR,1.59,51.30%,$1.14 ,"$31,386,949,981 ",97.20%,69.60%,2.1,Tallinn,78.2,9.0,$3.14 ,Estonian,22.80%,4.48,"1,331,824",63.60%,20.90%,47.80%,5.11%,"916,024",58.595272,25.013607,37848.17219395376,High-income,Europe
Spain,6.436200141906738,0.0421552807092666,6.518824577331543,6.353575706481934,10.540300369262695,0.9317399263381958,72.3499755859375,0.782114565372467,-0.0659279972314834,0.7105185389518738,1.777825117111206,1.7981053590774536,1.4913617372512815,0.5672692060470581,0.5329196453094482,0.1010577678680419,0.1565551459789276,1.7889785766601562,Spain,94,ES,52.60%,"505,370","196,000",7.9,34.0,Madrid,"244,002",110.96,0.70%,EUR,1.26,36.90%,$1.26 ,"$1,394,116,310,769 ",102.70%,88.90%,2.5,Madrid,83.3,4.0,$5.60 ,Spanish,24.20%,3.87,"47,076,781",57.50%,14.20%,47.00%,13.96%,"37,927,409",40.463667,-3.74922,37808.92138598669,High-income,Europe
Italy,6.4045000076293945,0.054324597120285,6.510976314544678,6.298023700714111,10.634051322937012,0.881569504737854,72.05000305175781,0.7105135917663574,-0.0735428035259246,0.8417539000511169,1.777825117111206,1.8317288160324097,1.364630103111267,0.5590959787368774,0.437638372182846,0.0969720631837844,0.0625555664300918,2.0519046783447266,Italy,206,IT,43.20%,"301,340","347,000",7.3,39.0,Rome,"320,411",110.62,0.60%,EUR,1.29,31.80%,$1.61 ,"$2,001,244,392,042 ",101.90%,61.90%,2.6,Rome,82.9,2.0,,Italian,22.80%,3.98,"60,297,396",49.60%,24.30%,59.10%,9.89%,"42,651,966",41.87194,12.56738,41525.01613061844,High-income,Europe
Chile,6.333799839019775,0.0461522825062274,6.424258232116699,6.243341445922852,10.113971710205078,0.8891310691833496,70.2998275756836,0.7922620177268982,-0.0110291121527552,0.8227498531341553,1.777825117111206,1.645203709602356,1.3837307691574097,0.5114095211029053,0.5464231371879578,0.1305136084556579,0.0761675387620925,2.040321350097656,Chile,26,CL,21.20%,"756,096","122,000",12.43,56.0,Santiago,"85,822",131.91,2.60%,CLP,1.65,24.30%,$1.03 ,"$282,318,159,745 ",101.40%,88.50%,6.2,Santiago,80.0,13.0,$2.00 ,Spanish,32.20%,2.59,"18,952,038",62.60%,18.20%,34.00%,7.09%,"16,610,135",-35.675147,-71.542969,24685.509985324563,High-income,South America
Mexico,6.329500198364258,0.0570625104010105,6.441342830657959,6.217657566070557,9.849601745605469,0.8040080666542053,65.80000305175781,0.8562236428260803,-0.0935604721307754,0.7683507204055786,1.777825117111206,1.550388216972351,1.168708324432373,0.3888042569160461,0.6315385103225708,0.0862316414713859,0.1151318550109863,2.3887288570404053,Mexico,66,MX,54.60%,"1,964,375","336,000",17.6,52.0,Mexico City,"486,406",141.54,3.60%,MXN,2.13,33.90%,$0.73 ,"$1,258,286,717,125 ",105.80%,40.20%,11.0,Mexico City,75.0,33.0,$0.49 ,,41.40%,2.38,"126,014,024",60.70%,13.10%,55.10%,3.42%,"102,626,859",23.634501,-102.552784,18950.806057191025,High-income,North America
Malta,6.299900054931641,0.0447013936936855,6.387514591217041,6.21228551864624,10.660865783691406,0.922677516937256,71.60003662109375,0.8856375217437744,0.1193149834871292,0.7288661599159241,1.777825117111206,1.84134578704834,1.4684698581695557,0.5468358397483826,0.6706803441047668,0.2004493474960327,0.1434133499860763,1.4286656379699707,Malta,"1,380",MT,32.40%,316,"2,000",9.2,356.0,Valletta,"1,342",113.45,1.60%,EUR,1.23,1.10%,$1.36 ,"$14,786,156,563 ",105.00%,54.30%,6.1,Birkirkara,82.3,6.0,$5.07 ,Maltese,37.10%,2.86,"502,653",56.50%,26.20%,44.00%,3.47%,"475,902",35.937496,14.375416,42653.549940138015,High-income,Europe
Panama,6.264500141143799,0.0814049988985061,6.424054145812988,6.104946136474609,10.305059432983398,0.8963010907173157,68.95027160644531,0.8550963401794434,-0.1333904266357422,0.8782973885536194,1.777825117111206,1.713736891746521,1.4018425941467283,0.4746385812759399,0.6300383806228638,0.0648609921336174,0.0363806672394275,1.9430456161499023,Panama,58,PA,30.40%,"75,420","26,000",18.98,507.0,Panama City,"10,715",122.07,-0.40%,,2.46,61.90%,$0.74 ,"$66,800,800,000 ",94.40%,47.80%,13.1,Panama City,78.3,52.0,$1.53 ,Spanish,30.50%,1.57,"4,246,439",66.60%,,37.20%,3.90%,"2,890,084",8.537981,-80.782127,29883.43023373185,High-income,North America
Poland,6.259699821472168,0.0422864258289337,6.342581272125244,6.176818370819092,10.45294189453125,0.9250565767288208,69.04891967773438,0.7654918432235718,-0.0309511870145797,0.7355665564537048,1.777825117111206,1.7667744159698486,1.4744794368743896,0.4773264229297638,0.5107993483543396,0.1198244765400886,0.138614073395729,1.7718477249145508,Poland,124,PL,46.90%,"312,685","191,000",10.2,48.0,Warsaw,"299,037",114.11,2.20%,PLN,1.46,30.90%,$1.07 ,"$592,164,400,688 ",100.00%,67.80%,3.8,Warsaw,77.6,2.0,$2.93 ,Polish,23.20%,2.38,"37,970,874",56.70%,17.40%,40.80%,3.47%,"22,796,574",51.919438,19.145136,34646.15024936943,High-income,Europe
Nicaragua,6.258800029754639,0.0763169303536415,6.40838098526001,6.109219074249268,8.617688179016113,0.8528122305870056,65.64956665039062,0.8774302005767822,0.0209305360913276,0.6250089406967163,1.777825117111206,1.1085658073425293,1.291988730430603,0.3847053647041321,0.6597586274147034,0.1476614624261856,0.2178028523921966,2.4483234882354736,Nicaragua,55,NI,42.10%,"130,370","12,000",20.64,505.0,Managua,"5,592",162.74,5.40%,NIO,2.4,25.90%,$0.91 ,"$12,520,915,291 ",120.60%,17.40%,15.7,Managua,74.3,98.0,$0.54 ,Spanish,36.00%,0.98,"6,545,502",66.40%,15.60%,60.60%,6.84%,"3,846,137",12.865416,-85.207229,5528.590496943243,Upper middle-income,North America
Latvia,6.212699890136719,0.0418428070843219,6.294711589813232,6.130688190460205,10.370321273803713,0.9371284246444702,66.4003677368164,0.8176073431968689,-0.0555824823677539,0.8302519917488098,1.777825117111206,1.73714280128479,1.5049731731414795,0.4051622152328491,0.580150842666626,0.1066086217761039,0.0707940086722374,1.8078765869140625,Latvia,30,LV,31.10%,"64,589","6,000",10.0,371.0,Riga,"7,004",116.86,2.80%,EUR,1.6,54.00%,$1.16 ,"$34,117,202,555 ",99.40%,88.10%,3.3,Riga,74.7,19.0,$2.80 ,Latvian,41.60%,3.19,"1,912,789",61.40%,22.90%,38.10%,6.52%,"1,304,943",56.879635,24.603189,31898.72354802054,High-income,Europe
Bahrain,6.173200130462647,0.0999447852373123,6.369091987609863,5.97730827331543,10.775781631469728,0.8438454270362854,65.82499694824219,0.9439725875854492,0.1170251443982124,0.736698567867279,1.777825117111206,1.882560014724732,1.2693383693695068,0.3894852697849273,0.7483083009719849,0.1992207467555999,0.1378032565116882,1.546459674835205,Bahrain,"2,239",BH,11.10%,765,"19,000",13.99,973.0,Manama,"31,694",117.59,2.10%,BHD,1.99,0.80%,$0.43 ,"$38,574,069,149 ",99.40%,50.50%,6.1,Riffa,77.2,14.0,,Arabic,25.10%,0.93,"1,501,635",73.40%,4.20%,13.80%,0.71%,"1,467,109",26.0667,50.5577,47847.85802300945,High-income,Asia
Guatemala,6.150300025939941,0.1079569160938263,6.361895561218262,5.938704490661621,9.11570930480957,0.8117339015007019,62.900001525878906,0.8559675216674805,-0.0572603940963745,0.8365757465362549,1.777825117111206,1.287179708480835,1.188223958015442,0.3097888827323913,0.6311976909637451,0.1057083457708358,0.0662645101547241,2.5619683265686035,Guatemala,167,GT,36.00%,"108,889","43,000",24.56,502.0,Guatemala City,"16,777",142.92,3.70%,GTQ,2.87,32.70%,$0.79 ,"$76,710,385,880 ",101.90%,21.80%,22.1,Guatemala City,74.1,95.0,$1.60 ,Spanish,55.80%,0.35,"16,604,026",62.30%,10.60%,35.20%,2.46%,"8,540,945",15.783471,-90.230759,9097.0849389719,Upper middle-income,North America
Kazakhstan,6.143899917602539,0.0483909808099269,6.238746166229248,6.04905366897583,10.16606616973877,0.9314469695091248,65.8017349243164,0.8532366156578064,-0.0004826637741643,0.7214602828025818,1.777825117111206,1.6638872623443604,1.4906219244003296,0.3888514637947082,0.6275635957717896,0.1361722648143768,0.1487179398536682,1.688058853149414,Kazakhstan,7,KZ,80.40%,"2,724,900","71,000",21.77,7.0,Astana,"247,207",182.75,5.20%,KZT,2.84,1.20%,$0.42 ,"$180,161,741,180 ",104.40%,61.70%,8.8,Almaty,73.2,10.0,$0.41 ,Russian,38.80%,3.25,"18,513,930",68.80%,11.70%,28.40%,4.59%,"10,652,915",48.019573,66.923684,26005.57376846883,High-income,Asia
Serbia,6.143599987030029,0.079274907708168,6.298978805541992,5.988221168518066,9.85398006439209,0.8730476498603821,67.08761596679688,0.8450360298156738,0.203995332121849,0.816429853439331,1.777825117111206,1.551958441734314,1.3431038856506348,0.4238874316215515,0.6166508793830872,0.2458843737840652,0.0806943476200103,1.8814105987548828,Serbia,100,RS,39.30%,"77,474","32,000",9.2,381.0,Belgrade,"45,221",144,1.80%,RSD,1.49,31.10%,$1.16 ,"$51,409,167,351 ",100.30%,67.20%,4.8,Belgrade,75.5,12.0,$1.57 ,Serbian,40.60%,3.11,"6,944,975",54.90%,18.60%,36.60%,12.69%,"3,907,243",44.016521,21.005859,19033.960633156767,High-income,Europe
Cyprus,6.130000114440918,0.0539054311811924,6.235654830932617,6.024345397949219,10.6112060546875,0.8260807394981384,72.80194091796875,0.7238736748695374,-0.0600265711545944,0.8597859740257263,1.777825117111206,1.823535442352295,1.2244642972946167,0.5795837640762329,0.4554170072078705,0.1042241603136062,0.0496397875249385,1.893101692199707,Cyprus,131,CY,12.20%,"9,251","16,000",10.46,357.0,Nicosia,"6,626",102.51,0.30%,EUR,1.33,18.70%,$1.23 ,"$24,564,647,935 ",99.30%,75.90%,1.9,Statos�������,80.8,6.0,,Greek,43.90%,1.95,"1,198,575",63.10%,24.50%,22.40%,7.27%,"800,708",35.126413,33.429859,40587.12003282191,High-income,Asia
Japan,6.129000186920166,0.0417039282619953,6.210740089416504,6.047260284423828,10.615657806396484,0.8941164612770081,74.3494644165039,0.7994951009750366,-0.2369365394115448,0.6399160623550415,1.777825117111206,1.825132131576538,1.3963241577148438,0.6217486262321472,0.5560483932495117,0.009303618222475,0.2071253806352615,1.5133357048034668,Japan,347,JP,12.30%,"377,944","261,000",7.4,81.0,Tokyo,"1,135,886",105.48,0.50%,,1.42,68.50%,$1.06 ,"$5,081,769,542,380 ",98.80%,63.20%,1.8,Tokyo,84.2,5.0,$6.77 ,,13.10%,2.41,"126,226,568",61.70%,11.90%,46.70%,2.29%,"115,782,416",36.204824,138.252924,40768.206590922266,High-income,Asia
Croatia,6.125,0.0571322701871395,6.2369794845581055,6.013020515441895,10.340739250183104,0.9171806573867798,68.94998168945312,0.7571233510971069,-0.0926464051008224,0.9252828359603882,1.777825117111206,1.72653329372406,1.454584717750549,0.4746306836605072,0.4996632039546966,0.086722083389759,0.0027265360113233,1.880109786987305,Croatia,73,HR,27.60%,"56,594","18,000",9.0,385.0,Zagreb,"17,488",109.82,0.80%,HRK,1.47,34.40%,$1.26 ,"$60,415,553,039 ",96.50%,67.90%,4.0,Zagreb,78.1,8.0,$2.92 ,Croatian,15.20%,3.0,"4,067,500",51.20%,22.00%,20.50%,6.93%,"2,328,318",45.1,15.2,30968.915363368644,High-income,Europe
Brazil,6.124599933624268,0.0648576542735099,6.251720905303955,5.99747896194458,9.58218765258789,0.836276650428772,65.74871063232422,0.8013285398483276,-0.0093699628487229,0.7376851439476013,1.777825117111206,1.4544808864593506,1.250219464302063,0.3874067068099975,0.5584881901741028,0.1314038187265396,0.1370965987443924,2.205469846725464,Brazil,25,BR,33.90%,"8,515,770","730,000",13.92,55.0,Bras���,"462,299",167.4,3.70%,BRL,1.73,58.90%,$1.02 ,"$1,839,758,040,766 ",115.40%,51.30%,12.8,S����,75.7,60.0,$1.53 ,Portuguese,28.30%,2.15,"212,559,417",63.90%,14.20%,65.10%,12.08%,"183,241,641",-14.235004,-51.92528,14504.11458427468,High-income,South America
El Salvador,6.121600151062012,0.069260761141777,6.257351398468018,5.985848903656006,9.089116096496582,0.7547428011894226,65.59691619873047,0.9175320863723756,-0.1079049557447433,0.6196134686470032,1.777825117111206,1.2776421308517456,1.0442631244659424,0.3832708299160003,0.7131232619285583,0.07853514701128,0.2216674536466598,2.403146743774414,El Salvador,313,SV,76.40%,"21,041","42,000",18.25,503.0,San Salvador,"7,169",111.23,0.10%,,2.04,12.60%,$0.83 ,"$27,022,640,000 ",94.80%,29.40%,11.8,San Salvador,73.1,46.0,$0.50 ,Spanish,27.90%,1.57,"6,453,553",59.10%,18.10%,36.40%,4.11%,"4,694,702",13.794185,-88.89653,8858.35266183508,Upper middle-income,North America
Hungary,6.041200160980225,0.0551410615444183,6.1492767333984375,5.933123588562012,10.418682098388672,0.9426373243331908,67.50045013427734,0.7578166723251343,-0.0591716542840004,0.8388599753379822,1.777825117111206,1.7544872760772705,1.5188888311386108,0.4351357817649841,0.5005857944488525,0.104682870209217,0.064628392457962,1.6627883911132812,Hungary,107,HU,58.40%,"93,028","40,000",9.6,36.0,Budapest,"45,537",121.64,3.30%,HUF,1.54,22.90%,$1.18 ,"$160,967,157,504 ",100.80%,48.50%,3.6,Budapest,75.8,12.0,$2.62 ,Hungarian,29.00%,3.41,"9,769,949",56.50%,23.00%,37.90%,3.40%,"6,999,582",47.162494,19.503304,33479.2826580155,High-income,Europe
Argentina,6.02370023727417,0.0628900080919265,6.146964550018311,5.900435924530029,9.95878791809082,0.8908900618553162,67.20008087158203,0.8226782083511353,-0.0894799306988716,0.8140133619308472,1.777825117111206,1.5895475149154663,1.3881741762161257,0.4269517362117767,0.5868987441062927,0.0884210467338562,0.0824252068996429,1.861257076263428,Argentina,17,AR,54.30%,"2,780,400","105,000",17.02,54.0,Buenos Aires,"201,348",232.75,53.50%,ARS,2.26,9.80%,$1.10 ,"$449,663,446,954 ",109.70%,90.00%,8.8,Buenos Aires,76.5,39.0,$3.35 ,Spanish,17.60%,3.96,"44,938,712",61.30%,10.10%,106.30%,9.79%,"41,339,571",-38.416097,-63.616672,21137.160214966272,High-income,South America
Honduras,6.022500038146973,0.0886720418930053,6.1962971687316895,5.848702907562256,8.635234832763672,0.7655693888664246,64.0630111694336,0.8426064848899841,0.0973521620035171,0.8429010510444641,1.777825117111206,1.114858865737915,1.0716112852096558,0.3414770364761352,0.6134178042411804,0.1886652708053589,0.0617339015007019,2.630737781524658,Honduras,89,HN,28.90%,"112,090","23,000",21.6,504.0,Tegucigalpa,"9,813",150.34,4.40%,HNL,2.46,40.00%,$0.98 ,"$25,095,395,475 ",91.50%,26.20%,15.1,Tegucigalpa,75.1,65.0,$1.01 ,Spanish,49.10%,0.31,"9,746,117",68.80%,17.30%,39.10%,5.39%,"5,626,433",15.199999,-86.241905,5626.454845119668,Upper middle-income,North America
Uzbekistan,6.0142998695373535,0.0589000359177589,6.129744052886963,5.898855686187744,8.948406219482422,0.874754011631012,65.3005142211914,0.9379149079322816,0.2295317649841308,0.6381723880767822,1.777825117111206,1.2271769046783447,1.3474141359329224,0.3751948475837707,0.7402471899986267,0.2595858573913574,0.2083743214607238,1.856308460235596,Uzbekistan,79,UZ,62.90%,"447,400","68,000",23.3,998.0,Tashkent,"91,811",,,UZS,2.42,7.50%,$1.03 ,"$57,921,286,440 ",104.20%,10.10%,19.1,Tashkent,71.6,29.0,$0.24 ,Uzbek,42.70%,2.37,"33,580,650",65.10%,14.80%,31.60%,5.92%,"16,935,729",41.377491,64.585262,7695.616957578062,Upper middle-income,Asia
Malaysia,6.01230001449585,0.0787539631128311,6.1666579246521,5.8579421043396,10.169085502624512,0.7986076474189758,65.66233825683594,0.876727819442749,0.1595873385667801,0.7584688663482666,1.777825117111206,1.6649701595306396,1.155066728591919,0.3850533664226532,0.6588239669799805,0.2220573723316192,0.1222098991274833,1.804088115692139,Malaysia,99,MY,26.30%,"329,847","136,000",16.75,60.0,Kuala Lumpur,"248,289",121.46,0.70%,MYR,2.0,67.60%,$0.45 ,"$364,701,517,788 ",105.30%,45.10%,6.7,Johor Bahru,76.0,29.0,$0.93 ,Malaysian language,36.70%,1.51,"32,447,385",64.30%,12.00%,38.70%,3.32%,"24,475,766",4.210484,101.975766,26084.21191018304,High-income,Asia
Portugal,5.9679999351501465,0.0548708587884902,6.075546741485596,5.860453128814697,10.4286527633667,0.877972424030304,71.25039672851562,0.902433216571808,-0.1960751861333847,0.8780763149261475,1.777825117111206,1.7580631971359253,1.3555439710617063,0.5373093485832214,0.693030834197998,0.0312276612967252,0.0365390144288539,1.556326389312744,Portugal,111,PT,39.50%,"92,212","52,000",8.5,351.0,Lisbon,"48,742",110.62,0.30%,EUR,1.38,34.60%,$1.54 ,"$237,686,075,635 ",106.20%,63.90%,3.1,Lisbon,81.3,8.0,$3.78 ,Portuguese,27.70%,5.12,"10,269,417",58.80%,22.80%,39.80%,6.33%,"6,753,579",39.399872,-8.224454,33814.76307121928,High-income,Europe
South Korea,5.951099872589111,0.0454473532736301,6.040176868438721,5.862022876739502,10.69267463684082,0.8116115927696228,73.65018463134766,0.7168270945549011,-0.0462142340838909,0.7011785507202148,1.777825117111206,1.85275399684906,1.1879149675369265,0.6026955842971802,0.4460399150848388,0.1116351261734962,0.1632450670003891,1.586768627166748,South Korea,527,KR,17.40%,"99,720","634,000",6.4,82.0,Seoul,"620,302",115.16,0.40%,KRW,0.98,63.40%,$1.22 ,"$2,029,000,000,000 ",98.10%,94.30%,2.7,Seoul,82.6,11.0,$6.49 ,Korean,36.80%,2.36,"51,709,098",63.00%,15.60%,33.20%,4.15%,"42,106,719",35.907757,127.766922,44032.11957116329,High-income,Asia
Greece,5.930900096893311,0.0476422645151615,6.0242791175842285,5.837521076202393,10.288155555725098,0.8349514007568359,71.14976501464844,0.5679218173027039,-0.2395679205656051,0.7932218313217163,1.777825117111206,1.707674264907837,1.246871829032898,0.5345674753189087,0.2478878051042556,0.0078917583450675,0.0973174944519996,2.088672399520874,Greece,81,GR,47.60%,"131,957","146,000",8.1,30.0,Athens,"62,434",101.87,0.20%,EUR,1.35,31.70%,$1.54 ,"$209,852,761,469 ",99.60%,136.60%,3.6,Macedonia,81.3,3.0,$4.46 ,Greek,35.50%,5.48,"10,716,322",51.80%,26.20%,51.90%,17.24%,"8,507,474",39.074208,21.824312,29382.529903116952,High-income,Europe
Mauritius,5.902299880981445,0.0565967634320259,6.013229370117188,5.791370391845703,9.95720100402832,0.888333261013031,63.85012435913086,0.8129426836967468,-0.0282245129346847,0.7749056816101074,1.777825117111206,1.5889784097671509,1.3817156553268433,0.3356765806674957,0.5739434361457825,0.12128746509552,0.1104367524385452,1.790236473083496,Mauritius,626,MU,42.40%,"2,040","3,000",10.2,230.0,Port Louis,"4,349",129.91,0.40%,MUR,1.41,19.00%,$1.12 ,"$14,180,444,557 ",101.10%,40.60%,13.6,Port Louis,74.4,61.0,$0.38 ,French,50.70%,2.53,"1,265,711",58.30%,19.10%,22.20%,6.67%,"515,980",-20.348404,57.552152,21103.6439589225,High-income,Africa
Thailand,5.8429999351501465,0.0641792118549346,5.9687910079956055,5.717208862304688,9.751472473144531,0.8735074400901794,68.44964599609375,0.8503376245498657,0.288653165102005,0.9103906750679016,1.777825117111206,1.5151944160461426,1.344265341758728,0.4609982073307037,0.6237058639526367,0.2913073003292084,0.0133933015167713,1.5941057205200195,Thailand,137,TH,43.30%,"513,120","455,000",10.34,66.0,Bangkok,"283,763",113.27,0.70%,THB,1.53,32.20%,$0.71 ,"$543,649,976,166 ",99.80%,49.30%,7.8,Bangkok,76.9,37.0,$1.06 ,Thai,11.80%,0.81,"69,625,582",67.30%,14.90%,29.50%,0.75%,"35,294,600",15.870032,100.992541,17179.50655636245,High-income,Asia
Mongolia,5.840199947357178,0.0459125749766826,5.930188655853272,5.750211238861084,9.372422218322754,0.9328268766403198,60.49993133544922,0.7011629343032837,0.1904609650373459,0.8487215042114258,1.777825117111206,1.379249095916748,1.494107365608215,0.2443949729204177,0.4251952171325683,0.2386225461959839,0.057564903050661,2.0010533332824707,Mongolia,2,MN,71.50%,"1,564,116","18,000",24.13,976.0,Ulaanbaatar,"25,368",195.76,7.30%,MNT,2.9,8.00%,$0.72 ,"$13,852,850,259 ",104.00%,65.60%,14.0,Ulaanbaatar,69.7,45.0,$0.65 ,Mongolian,39.30%,2.86,"3,225,167",59.70%,16.80%,25.70%,6.01%,"2,210,626",46.862496,103.846656,11759.564851243782,Upper middle-income,Asia
Kyrgyzstan,5.825300216674805,0.044867742806673,5.913240909576416,5.737359523773193,8.485833168029785,0.911150336265564,66.85247039794922,0.93429297208786,0.1813510954380035,0.9037905335426332,1.777825117111206,1.0612764358520508,1.4393519163131714,0.4174804985523224,0.7354274392127991,0.2337346673011779,0.0181207656860351,1.9199013710021973,Kyrgyzstan,34,KG,55.00%,"199,951","21,000",27.1,996.0,Bishkek,"9,787",155.68,1.10%,KGS,3.3,3.30%,$0.56 ,"$8,454,619,608 ",107.60%,41.30%,16.9,Bishkek,71.4,60.0,$0.09 ,Russian,48.20%,1.88,"6,456,900",59.80%,18.00%,29.00%,6.33%,"2,362,644",41.20438,74.766098,4845.633010098823,Upper middle-income,Asia
Moldova,5.819200038909912,0.0522198118269443,5.921550750732422,5.716849327087402,9.498775482177734,0.8566350340843201,65.29906463623047,0.8397157788276672,-0.0800843685865402,0.900856614112854,1.777825117111206,1.424565315246582,1.301645278930664,0.375155359506607,0.609571099281311,0.0934622064232826,0.0202222354710102,1.994591474533081,Moldova,123,MD,74.20%,"33,851","7,000",10.1,373.0,Chi����,"5,115",166.2,4.80%,MDL,1.26,12.60%,$0.80 ,"$11,955,435,457 ",90.60%,39.80%,13.6,Chi����,71.8,19.0,$0.31 ,Romanian,46.20%,3.21,"2,657,637",43.10%,17.70%,38.70%,5.47%,"1,135,502",47.411631,28.369885,13343.377618051743,High-income,Europe
China,5.81790018081665,0.0444744639098644,5.9050703048706055,5.730730056762695,9.738065719604492,0.8356984853744507,68.68879699707031,0.8818911910057068,-0.0407825037837028,0.7272279858589172,1.777825117111206,1.5103861093521118,1.2487590312957764,0.4675142765045166,0.6656950116157532,0.1145495027303695,0.1445867121219635,1.6664276123046875,China,153,CN,56.20%,"9,596,960","2,695,000",10.9,86.0,Beijing,"9,893,038",125.08,2.90%,CNY,1.69,22.40%,$0.96 ,"$19,910,000,000,000 ",100.20%,50.60%,7.4,Shanghai,77.0,29.0,$0.87 ,Standard Chinese,32.40%,1.98,"1,397,715,000",68.00%,9.40%,59.20%,4.32%,"842,933,962",35.86166,104.195397,16950.722200575652,High-income,Asia
Vietnam,5.763299942016602,0.0518048107624053,5.864837169647217,5.661762714385986,9.286938667297363,0.8211429715156555,65.5024185180664,0.938640594482422,-0.0036427439190447,0.7588440775871277,1.777825117111206,1.3485907316207886,1.2119914293289185,0.3806960880756378,0.7412129044532776,0.134476751089096,0.1219411492347717,1.8244390487670896,Vietnam,314,VN,39.30%,"331,210","522,000",16.75,84.0,Hanoi,"192,668",163.52,2.80%,VND,2.05,48.10%,$0.80 ,"$261,921,244,843 ",110.60%,28.50%,16.5,Ho Chi Minh City,75.3,43.0,$0.73 ,Vietnamese,43.50%,0.82,"96,462,106",77.40%,19.10%,37.60%,2.01%,"35,332,140",14.058324,108.277199,10796.083055669096,Upper middle-income,Asia
Paraguay,5.737800121307373,0.0575034692883491,5.850506782531738,5.625093460083008,9.509722709655762,0.9060643315315248,65.89987182617188,0.8908432126045227,0.020743167027831,0.8425903916358948,1.777825117111206,1.4284915924072266,1.4265047311782837,0.3915253579616546,0.6776077151298523,0.1475609242916107,0.0619564168155193,1.6041193008422852,Paraguay,18,PY,55.10%,"406,752","27,000",20.57,595.0,Asunci��,"7,407",143.82,2.80%,PYG,2.43,37.70%,$1.04 ,"$38,145,288,940 ",104.40%,34.60%,17.2,Ciudad del Este,74.1,129.0,$1.55 ,Spanish,36.50%,1.35,"7,044,636",72.10%,10.00%,35.00%,4.81%,"4,359,150",-23.442503,-58.443832,13490.253080897872,High-income,South America
Montenegro,5.7221999168396,0.1118156835436821,5.94135856628418,5.50304126739502,9.81259059906006,0.8896059989929199,67.0999984741211,0.8049980401992798,0.063483290374279,0.8444382548332214,1.777825117111206,1.5371142625808716,1.3849304914474487,0.4242248237133026,0.5633713006973267,0.1704930365085601,0.0606328509747982,1.5813961029052734,Montenegro,47,ME,19.00%,"13,812","12,000",11.73,382.0,Podgorica,"2,017",116.32,2.60%,EUR,1.75,61.50%,$1.16 ,"$5,494,736,901 ",100.00%,56.10%,2.3,Podgorica,76.8,6.0,$1.23 ,Montenegrin language,31.80%,2.76,"622,137",54.40%,,22.20%,14.88%,"417,765",42.708678,19.37439,18262.235980966158,High-income,Europe
Jamaica,5.702700138092041,0.0885063335299491,5.8761725425720215,5.5292277336120605,9.16460132598877,0.8673140406608582,66.5999984741211,0.8223790526390076,-0.1062569320201873,0.8750672340393066,1.777825117111206,1.3047146797180176,1.328620672225952,0.4106014668941498,0.5865006446838379,0.0794193893671035,0.0386943221092224,1.9541537761688232,Jamaica,273,JM,41.00%,"10,991","4,000",16.1,1876.0,"Kingston, Jamaica","8,225",162.47,3.90%,JMD,1.98,30.90%,$1.11 ,"$16,458,071,068 ",91.00%,27.10%,12.4,"Kingston, Jamaica",74.4,80.0,$1.33 ,Jamaican English,23.70%,1.31,"2,948,279",66.00%,26.80%,35.10%,8.00%,"1,650,594",18.109581,-77.297508,9552.912167435104,Upper middle-income,North America
Bolivia,5.684299945831299,0.057363249361515,5.796731948852539,5.571867942810059,8.984602928161621,0.8113415241241455,63.59894180297852,0.8683634400367737,-0.0627197548747062,0.8457956910133362,1.777825117111206,1.2401587963104248,1.1872327327728271,0.3288326859474182,0.6476932764053345,0.102779135107994,0.0596605651080608,2.117969989776612,Bolivia,11,BO,34.80%,"1,098,581","71,000",21.75,591.0,Sucre,"21,606",148.32,1.80%,BOB,2.73,50.30%,$0.71 ,"$40,895,322,865 ",98.20%,,21.8,Santa Cruz de la Sierra,71.2,155.0,$1.36 ,Spanish,25.90%,1.59,"11,513,100",71.80%,17.00%,83.70%,3.50%,"8,033,035",-16.290154,-63.588653,7979.275749855573,Upper middle-income,South America
Russia,5.660699844360352,0.037181656807661,5.733575820922852,5.587823867797852,10.20974826812744,0.8886616826057434,64.947265625,0.7193708419799805,-0.0303580816835165,0.8014196753501892,1.777825117111206,1.679553747177124,1.3825452327728271,0.3655700087547302,0.4494249522686004,0.1201427057385444,0.0914456471800804,1.5719919204711914,Russia,9,RU,13.30%,"17,098,240","1,454,000",11.5,7.0,Moscow,"1,732,027",180.75,4.50%,RUB,1.57,49.80%,$0.59 ,"$1,699,876,578,871 ",102.60%,81.90%,6.1,Moscow,72.7,17.0,$0.53 ,Russian,36.40%,4.01,"144,373,535",61.80%,11.40%,46.20%,4.59%,"107,683,889",61.52401,105.318756,27166.727997295067,High-income,Europe
Bosnia and Herzegovina,5.632500171661377,0.0726704150438308,5.7749342918396,5.490066051483154,9.615763664245604,0.8803004622459412,67.27503204345703,0.7461434006690979,0.2064070999622345,0.917537808418274,1.777825117111206,1.4665228128433228,1.361424684524536,0.4289939105510711,0.4850519001483917,0.2471783906221389,0.0082740448415279,1.6350252628326416,Bosnia and Herzegovina,64,BA,43.10%,"51,197","11,000",8.11,387.0,Sarajevo,"21,848",104.9,0.60%,BAM,1.27,42.70%,$1.05 ,"$20,047,848,435 ",,23.30%,5.0,Tuzla Canton,77.3,10.0,$1.04 ,Bosnian,28.60%,2.16,"3,301,000",46.40%,20.40%,23.70%,18.42%,"1,605,144",43.915886,17.679076,14999.372775532898,High-income,Europe
Colombia,5.63040018081665,0.0596279464662075,5.747271060943604,5.513529300689697,9.584429740905762,0.8216689825057983,69.34968566894531,0.8042616844177246,-0.1043145880103111,0.83354651927948,1.777825117111206,1.4552850723266602,1.2133201360702517,0.4855212867259979,0.5623914003372192,0.0804615467786789,0.0684342458844184,1.7649869918823242,Colombia,46,CO,40.30%,"1,138,910","481,000",14.88,57.0,Bogot�,"97,814",140.95,3.50%,COP,1.81,52.70%,$0.68 ,"$323,802,808,108 ",114.50%,55.30%,12.2,Bogot�,77.1,83.0,$1.23 ,Spanish,18.30%,2.18,"50,339,443",68.80%,14.40%,71.20%,9.71%,"40,827,302",4.570868,-74.297333,14536.670573208245,High-income,South America
Dominican Republic,5.568900108337402,0.0727870836853981,5.711562633514404,5.4262375831604,9.810591697692873,0.8270636200904846,64.39896392822266,0.8500227928161621,-0.0987941995263099,0.6567947268486023,1.777825117111206,1.5363973379135132,1.2269470691680908,0.3506306111812591,0.6232869029045105,0.0834235027432441,0.1950357407331466,1.553220272064209,Dominican Republic,225,DO,48.70%,"48,670","71,000",19.51,1.0,Santo Domingo,"25,258",135.5,1.80%,DOP,2.35,41.70%,$1.07 ,"$88,941,298,258 ",105.70%,59.90%,24.1,Santo Domingo,73.9,95.0,$0.40 ,Spanish,43.70%,1.56,"10,738,958",64.30%,13.00%,48.80%,5.84%,"8,787,475",18.735693,-70.162651,18225.7680325545,High-income,North America
Ecuador,5.558899879455566,0.0626056641340255,5.681606769561768,5.436192989349365,9.270211219787598,0.8057536482810974,69.0002212524414,0.8022295236587524,-0.1076728552579879,0.8325657844543457,1.777825117111206,1.342591404914856,1.1731176376342771,0.4759995639324188,0.5596871376037598,0.0786596834659576,0.0691367164254188,1.8597559928894043,Ecuador,71,EC,22.20%,"283,561","41,000",19.72,593.0,Quito,"41,155",124.14,0.30%,USD,2.43,50.20%,$0.61 ,"$107,435,665,000 ",103.30%,44.90%,12.2,Quito,76.8,59.0,$2.46 ,Spanish,43.70%,2.04,"17,373,662",68.00%,,34.40%,3.97%,"11,116,711",-1.831239,-78.183406,10616.99416886942,Upper middle-income,South America
Peru,5.525899887084961,0.0579938627779483,5.639567852020264,5.412231922149658,9.401518821716309,0.7979649901390076,69.84983825683594,0.7943701148033142,-0.1188521385192871,0.8917118310928345,1.777825117111206,1.389684557914734,1.1534433364868164,0.4991487860679626,0.5492284297943115,0.0726614668965339,0.0267723444849252,1.835005760192871,Peru,26,PE,18.50%,"1,285,216","158,000",17.95,51.0,Lima,"57,414",129.78,2.10%,PEN,2.25,57.70%,$0.99 ,"$226,848,050,820 ",106.90%,70.70%,11.1,Lima,76.5,88.0,$1.28 ,Spanish,30.90%,1.27,"32,510,453",77.60%,14.30%,36.80%,3.31%,"25,390,339",-9.189967,-75.015152,12106.754775302255,Upper middle-income,South America
Philippines,5.522900104522705,0.077473796904087,5.67474889755249,5.37105131149292,8.978732109069824,0.7799321413040161,62.03751754760742,0.9185475707054138,-0.0598896220326423,0.7320905923843384,1.777825117111206,1.2380532026290894,1.1078919172286987,0.2862890660762787,0.714474618434906,0.1042976453900337,0.1411037892103195,1.930808067321777,Philippines,368,PH,41.70%,"300,000","153,000",20.55,63.0,Manila,"122,287",129.61,2.50%,PHP,2.58,27.80%,$0.86 ,"$376,795,508,680 ",107.50%,35.50%,22.5,Manila,71.1,121.0,$1.12 ,English,53.50%,0.6,"108,116,615",59.60%,14.00%,43.10%,2.15%,"50,975,903",12.879721,121.774017,7932.568105663311,Upper middle-income,Asia
Bulgaria,5.466100215911865,0.0590321831405162,5.581803321838379,5.350397109985352,10.086685180664062,0.9182446599006652,66.49977111816406,0.8005364537239075,-0.0568269826471805,0.9109797477722168,1.777825117111206,1.6354175806045532,1.4572725296020508,0.4078706204891205,0.5574341416358948,0.105940893292427,0.0129713676869869,1.2891979217529297,Bulgaria,64,BG,46.30%,"110,879","31,000",8.9,359.0,Sofia,"41,708",114.42,3.10%,BGN,1.56,35.40%,$1.11 ,"$86,000,000,000 ",89.30%,71.00%,5.9,Sofia,74.9,10.0,$1.57 ,Bulgarian,47.70%,4.03,"6,975,761",55.40%,20.20%,28.30%,4.34%,"5,256,027",42.733883,25.48583,24021.034924717434,High-income,Europe
Nepal,5.360300064086914,0.074702188372612,5.506716251373291,5.213883876800537,8.256011962890625,0.7478566765785217,61.84700012207031,0.8079494833946228,0.1459351778030395,0.7833759188652039,1.777825117111206,0.9788516759872437,1.0268685817718506,0.2810980975627899,0.5672988295555115,0.2147323489189148,0.1043697968125343,2.1870367527008057,Nepal,203,NP,28.70%,"147,181","112,000",19.89,977.0,Kathmandu,"9,105",188.73,5.60%,NPR,1.92,25.40%,$0.91 ,"$30,641,380,604 ",142.10%,12.40%,26.7,Kathmandu,70.5,186.0,$0.36 ,Nepali,60.40%,0.75,"28,608,710",83.80%,20.70%,41.80%,1.41%,"5,765,513",28.394857,84.124008,3850.706676942069,Lower middle-income,Asia
Armenia,5.341700077056885,0.0657015368342399,5.470475196838379,5.212924957275391,9.614712715148926,0.7902310490608215,67.78897094726562,0.7956050634384155,-0.1553149670362472,0.7054339051246643,1.777825117111206,1.4661458730697632,1.1339071989059448,0.442997008562088,0.5508717894554138,0.0530974417924881,0.1601970940828323,1.5344746112823486,Armenia,104,AM,58.90%,"29,743","49,000",13.99,374.0,Yerevan,"5,156",129.18,1.40%,AMD,1.76,11.70%,$0.77 ,"$13,672,802,158 ",92.70%,54.60%,11.0,Yerevan,74.9,26.0,$0.66 ,Armenian,81.60%,4.4,"2,957,731",55.60%,20.90%,22.60%,16.99%,"1,869,848",40.069099,45.038189,14983.61747872133,High-income,Asia
Tajikistan,5.329800128936768,0.0624410584568977,5.452184677124023,5.207415580749512,8.236533164978027,0.8355719447135925,62.225528717041016,0.8320024609565735,-0.059758573770523,0.5215774178504944,1.777825117111206,0.971865713596344,1.2484393119812012,0.2914117574691772,0.5993067622184753,0.1043679565191268,0.2918874621391296,1.822527885437012,Tajikistan,68,TJ,34.10%,"144,100","17,000",30.76,992.0,Dushanbe,"5,310",148.57,6.00%,TJS,3.59,3.00%,$0.71 ,"$8,116,626,794 ",100.90%,31.30%,30.4,Dushanbe,70.9,17.0,$0.23 ,Persian,63.10%,1.7,"9,321,018",42.00%,9.80%,67.30%,11.02%,"2,545,477",38.861034,71.276093,3776.425343957349,Lower middle-income,Asia
Algeria,5.329100131988525,0.0621362887322902,5.450887203216553,5.207313060760498,9.300213813781738,0.8552190065383911,66.54923248291016,0.5712404251098633,-0.1173740327358245,0.7169064283370972,1.777825117111206,1.3533517122268677,1.2980681657791138,0.409218281507492,0.2523039579391479,0.0734545439481735,0.1519797146320343,1.7906951904296875,Algeria,18,DZ,17.40%,"2,381,741","317,000",24.28,213.0,Algiers,"150,006",151.36,2.00%,DZD,3.02,0.80%,$0.28 ,"$169,988,236,398 ",109.90%,51.40%,20.1,Algiers,76.7,112.0,$0.95 ,Arabic,28.10%,1.72,"43,053,054",41.20%,37.20%,66.10%,11.70%,"31,510,100",28.033886,1.659626,10940.358157457693,Upper middle-income,Africa
Albania,5.277299880981445,0.0657192319631576,5.406109809875488,5.148489952087402,9.567472457885742,0.7179091572761536,69.15007019042969,0.7943277955055237,-0.0069323987700045,0.8780936002731323,1.777825117111206,1.449203372001648,0.9512205123901368,0.4800824522972107,0.5491721034049988,0.1327116936445236,0.0365266352891922,1.678424596786499,Albania,105,AL,43.10%,"28,748","9,000",11.78,355.0,Tirana,"4,536",119.05,1.40%,ALL,1.62,28.10%,$1.36 ,"$15,278,077,447 ",107.00%,55.00%,7.8,Tirana,78.5,15.0,$1.12 ,Albanian,56.90%,1.2,"2,854,191",55.70%,18.60%,36.60%,12.33%,"1,747,593",41.153332,20.168331,14292.246378230597,High-income,Europe
Indonesia,5.276899814605713,0.0589416436851024,5.392425537109375,5.161374092102051,9.38515567779541,0.803985059261322,63.04774475097656,0.8801135420799255,0.5313863158226013,0.8759906888008118,1.777825117111206,1.383815884590149,1.1686501502990725,0.3138144016265869,0.6633294224739075,0.4215450584888458,0.0380328819155693,1.287672519683838,Indonesia,151,ID,31.50%,"1,904,569","676,000",18.07,62.0,Jakarta,"563,325",151.18,3.00%,IDR,2.31,49.90%,$0.63 ,"$1,119,190,780,753 ",106.40%,36.30%,21.1,Kalimantan,71.5,177.0,$0.48 ,Indonesian,48.30%,0.43,"270,203,917",67.50%,10.20%,30.10%,4.69%,"151,509,724",-0.789275,113.921327,11910.262206848916,Upper middle-income,Asia
South Africa,5.274600028991699,0.0728382095694542,5.417362689971924,5.131837368011475,9.477535247802734,0.906631350517273,56.98897171020508,0.7300763726234436,-0.086628682911396,0.9021425843238832,1.777825117111206,1.416947603225708,1.4279369115829468,0.1487330049276352,0.4636710882186889,0.0899508744478225,0.0193011369556188,1.708012580871582,South Africa,49,ZA,79.80%,"1,219,090","80,000",20.51,27.0,Pretoria,"476,644",158.93,4.10%,ZAR,2.41,7.60%,$0.92 ,"$351,431,649,241 ",100.90%,22.40%,28.5,Johannesburg,63.9,119.0,,Afrikaans,7.70%,0.91,"58,558,270",56.00%,27.50%,29.20%,28.18%,"39,149,717",-30.559482,22.937506,13062.949868432335,High-income,Africa
North Macedonia,5.253600120544434,0.0547675602138042,5.360944747924805,5.146255493164063,9.703169822692873,0.8047484159469604,66.50035095214844,0.7689635753631592,0.1312396973371505,0.9017152786254884,1.777825117111206,1.4978708028793335,1.1705783605575562,0.4078864157199859,0.5154193043708801,0.2068475484848022,0.0196072030812501,1.4354314804077148,North Macedonia,83,,,"25,713",,,389.0,Skopje,,,,MKD,,,,"$10,220,781,069 ",,,,Skopje,,,,Macedonian,35.60%,,"1,836,713",,,,,,41.608635,21.745275,16369.413184122375,High-income,Europe
Venezuela,5.210599899291992,0.0638950914144516,5.335834503173828,5.085365295410156,5.526723384857178,0.8388254046440125,64.04983520507812,0.6587069630622864,0.1283712387084961,0.8114349842071533,1.777825117111206,0.0,1.256657600402832,0.3411180377006531,0.3686979711055755,0.2053084671497345,0.0842720121145248,2.9545605182647705,Venezuela,32,VE,24.50%,"912,050","343,000",17.88,58.0,Caracas,"164,175","2,740.27",254.90%,VED,2.27,52.70%,$0.00 ,"$482,359,318,768 ",97.20%,79.30%,21.4,Caracas,72.1,125.0,$0.01 ,Spanish,45.80%,1.92,"28,515,829",59.70%,,73.30%,8.80%,"25,162,368",6.42375,-66.58973,251.3190845239409,Low-income,South America
Laos,5.110700130462647,0.0809439718723297,5.269350528717041,4.952049732208252,8.962409019470215,0.6789469718933105,60.945587158203125,0.9188553094863892,0.0909888669848442,0.7025218605995178,1.777825117111206,1.2321990728378296,0.8528011441230774,0.2565376162528991,0.7148841023445129,0.1852510720491409,0.1622828990221023,1.706761360168457,Laos,32,LA,10.30%,"236,800","129,000",23.55,856.0,Vientiane,"17,763",135.87,3.30%,LAK,2.67,82.10%,$0.93 ,"$18,173,839,128 ",102.40%,15.00%,37.6,Vientiane,67.6,185.0,$0.83 ,Lao,45.40%,0.37,"7,169,455",78.50%,12.90%,24.10%,0.63%,"2,555,552",19.85627,102.495496,7804.135148713402,Upper middle-income,Asia
Georgia,5.109099864959717,0.055850438773632,5.21856689453125,4.999632835388184,9.646263122558594,0.7161714434623718,64.95006561279297,0.7864701747894287,-0.2542763352394104,0.6488924622535706,1.777825117111206,1.477461338043213,0.946830987930298,0.3656463027000427,0.5387157797813416,0.0,0.2006958723068237,1.5797457695007324,Georgia,57,GE,34.50%,"69,700","26,000",13.47,995.0,Tbilisi,"10,128",133.61,4.90%,GEL,2.06,40.60%,$0.76 ,"$17,743,195,770 ",98.60%,63.90%,8.7,Tbilisi,73.6,25.0,$0.05 ,Georgian,57.30%,7.12,"3,720,382",68.30%,21.70%,9.90%,14.40%,"2,196,476",42.315407,43.356892,15463.893324599425,High-income,Asia
Guinea,5.071700096130371,0.071926362812519,5.21267557144165,4.930724620819092,7.880491733551025,0.6486329436302185,54.185394287109375,0.6587153673171997,0.1252006888389587,0.7869686484336853,1.777825117111206,0.8441724181175232,0.7762272357940674,0.0723448619246482,0.3687091469764709,0.2036073207855224,0.1017964407801628,2.704875469207764,Guinea,53,GN,59.00%,"245,857","13,000",36.36,224.0,Conakry,"2,996",262.95,9.50%,GNF,4.7,25.80%,$0.90 ,"$13,590,281,809 ",91.50%,11.60%,64.9,Kankan,61.2,576.0,,French,54.50%,0.08,"12,771,246",61.50%,10.80%,69.30%,4.30%,"4,661,505",9.945587,-9.696645,2645.172960243874,Lower middle-income,Africa
Ukraine,5.071400165557861,0.0588089376688003,5.1866655349731445,4.956134796142578,9.313715934753418,0.8775262236595154,64.5501708984375,0.7954239845275879,0.2403110712766647,0.9067386388778688,1.777825117111206,1.3581942319869995,1.354416847229004,0.3547505140304565,0.5506308674812317,0.2653694748878479,0.016009135171771,1.1720647811889648,Ukraine,75,UA,71.70%,"603,550","297,000",8.7,380.0,Kyiv,"202,250",281.66,7.90%,UAH,1.3,16.70%,$0.83 ,"$153,781,069,118 ",99.00%,82.70%,7.5,Kyiv,71.6,19.0,$0.84 ,Ukrainian,47.80%,2.99,"44,385,155",54.20%,20.10%,45.20%,8.88%,"30,835,699",48.379433,31.16558,11089.07795372844,Upper middle-income,Europe
Ivory Coast,5.052700042724609,0.0743440687656402,5.198414325714111,4.906985759735107,8.576385498046875,0.5723483562469482,55.95271301269531,0.7326547503471375,0.0028205241542309,0.7458509802818298,1.777825117111206,1.0937527418136597,0.5835306644439697,0.1204984113574028,0.4671021997928619,0.1379445940256118,0.1312476843595504,2.5186095237731934,Ivory Coast,83,CI,64.80%,"322,463","27,000",35.74,225.0,Yamoussoukro,"9,674",111.61,-0.90%,XOF,4.65,32.70%,$0.93 ,"$58,792,205,642 ",99.80%,9.30%,59.4,Abidjan,57.4,617.0,$0.36 ,French,36.00%,0.23,"25,716,544",57.00%,11.80%,50.10%,3.32%,"13,176,900",7.539989,-5.54708,5304.896272342686,Upper middle-income,Africa
Gabon,5.0346999168396,0.0715794414281845,5.174995422363281,4.894404411315918,9.537482261657717,0.7455086708068848,58.25178909301758,0.6417741179466248,-0.187012106180191,0.7863147854804993,1.777825117111206,1.4384474754333496,1.020937442779541,0.1831405758857727,0.3461649715900421,0.0360904298722744,0.1022647842764854,1.9076285362243648,Gabon,9,GA,20.00%,"267,667","7,000",31.61,241.0,Libreville,"5,321",122.19,2.10%,XAF,3.97,90.00%,$0.92 ,"$16,657,960,228 ",139.90%,8.30%,32.7,Libreville,66.2,252.0,$1.46 ,French,25.90%,0.68,"2,172,579",52.90%,10.20%,47.10%,20.00%,"1,949,694",-0.803689,11.609444,13869.982639609269,High-income,Africa
Nigeria,4.980599880218506,0.0795095637440681,5.136438846588135,4.824760913848877,8.49583911895752,0.739812433719635,54.89082717895508,0.7184043526649475,0.0728492066264152,0.9111672043800354,1.777825117111206,1.064864993095398,1.0065486431121826,0.0915655568242073,0.4481388330459595,0.1755182892084121,0.0128370989114046,2.1811468601226807,Nigeria,226,NG,77.70%,"923,768","215,000",37.91,234.0,Abuja,"120,369",267.51,11.40%,NGN,5.39,7.20%,$0.46 ,"$448,120,428,859 ",84.70%,10.20%,75.7,Lagos,54.3,917.0,$0.54 ,English,72.20%,0.38,"200,963,599",52.90%,1.50%,34.80%,8.10%,"102,806,948",9.081999,8.675277,4894.361557384146,Upper middle-income,Africa
Cameroon,4.973199844360352,0.0710119381546974,5.112383365631104,4.8340163230896,8.21674919128418,0.6862311959266663,55.84713745117188,0.6862788796424866,0.0147625766694545,0.8463644981384277,1.777825117111206,0.9647701978683472,0.8712012767791748,0.1176218315958976,0.4053886234760284,0.1443520635366439,0.0592531487345695,2.410613536834717,Cameroon,56,CM,20.60%,"475,440","24,000",35.39,237.0,Yaound�,"8,291",118.65,2.50%,XAF,4.57,39.30%,$1.03 ,"$38,760,467,033 ",103.40%,12.80%,50.6,Douala,58.9,529.0,$0.35 ,French,69.70%,0.09,"25,876,380",76.10%,12.80%,57.70%,3.38%,"14,741,256",7.369722,12.354722,3702.4468515205617,Lower middle-income,Africa
Mozambique,4.953999996185303,0.1156207844614982,5.180616855621338,4.727383136749268,7.116300582885742,0.6918163299560547,51.53021240234375,0.8514707088470459,0.0466913282871246,0.6604602932929993,1.777825117111206,0.5700973868370056,0.8853094577789307,0.0,0.6252136826515198,0.161483347415924,0.1924102157354354,2.5194859504699707,Mozambique,40,MZ,63.50%,"799,380","11,000",37.52,258.0,Maputo,"7,943",182.31,2.80%,MZN,4.85,48.00%,$0.65 ,"$14,934,159,926 ",112.60%,7.30%,54.0,Maputo,60.2,289.0,$0.27 ,Portuguese,6.80%,0.08,"30,366,036",78.10%,0.00%,36.10%,3.24%,"11,092,106",-18.665695,35.529562,1231.884737984196,Lower middle-income,Africa
Iraq,4.940899848937988,0.0805387049913406,5.098755836486816,4.78304386138916,9.098432540893556,0.7184528112411499,63.41473388671875,0.6457712054252625,-0.0053996844217181,0.8762640357017517,1.777825117111206,1.2809834480285645,0.9525938034057616,0.3238136172294616,0.3514840006828308,0.1335340589284896,0.037837091833353,1.8606204986572263,Iraq,93,IQ,21.40%,"438,317","209,000",29.08,964.0,Baghdad,"190,061",119.86,0.40%,IQD,3.67,1.90%,$0.61 ,"$234,094,042,939 ",108.70%,16.20%,22.5,Baghdad,70.5,79.0,$1.24 ,Arabic,76.50%,0.71,"39,309,783",43.00%,2.00%,30.80%,12.82%,"27,783,368",33.223191,43.679291,8941.266643892737,Upper middle-income,Asia
Morocco,4.9028000831604,0.0613062679767608,5.022960186004639,4.782639980316162,8.973066329956055,0.5531101226806641,63.90077590942383,0.7872825860977173,-0.2307837307453155,0.8108253479003906,1.777825117111206,1.2360212802886963,0.5349344611167908,0.3370566666126251,0.5397968888282776,0.0126048903912305,0.0847086757421493,2.157698631286621,Morocco,83,MA,68.50%,"446,550","246,000",18.94,212.0,Rabat,"61,276",111.07,0.20%,MAD,2.42,12.60%,$0.99 ,"$118,725,279,596 ",113.90%,35.90%,19.2,Casablanca,76.5,70.0,$1.60 ,Arabic,53.10%,0.73,"36,910,560",45.30%,21.90%,45.80%,9.02%,"22,975,026",31.791702,-7.09262,7887.7510087471155,Upper middle-income,Africa
Iran,4.876299858093262,0.0530714057385921,4.980319976806641,4.772279739379883,9.610322952270508,0.777547299861908,66.59994506835938,0.592562198638916,0.1729328036308288,0.7470312714576721,1.777825117111206,1.4645715951919556,1.1018677949905396,0.4106000363826751,0.2806774079799652,0.2292178571224212,0.1304022669792175,1.258958101272583,Iran,52,IR,28.20%,"1,648,195","563,000",18.78,98.0,Tehran,"661,710",550.93,39.90%,IRR,2.14,6.60%,$0.40 ,"$445,345,282,123 ",110.70%,68.10%,12.4,Tehran,76.5,16.0,$1.58 ,Persian,39.70%,1.58,"82,913,906",44.70%,7.40%,44.70%,11.38%,"62,509,623",32.427908,53.688046,14917.987107204615,High-income,Asia
Senegal,4.855100154876709,0.0651435479521751,4.982781410217285,4.727418899536133,8.15528678894043,0.6292861104011536,59.998931884765625,0.7716072201728821,0.0107729323208332,0.8458921313285828,1.777825117111206,0.9427269101142884,0.7273567318916321,0.230744406580925,0.5189372897148132,0.1422114372253418,0.0595914870500564,2.233576774597168,Senegal,87,SN,46.10%,"196,722","19,000",34.52,221.0,Dakar,"10,902",109.25,1.80%,XOF,4.63,42.80%,$1.14 ,"$23,578,084,052 ",81.00%,12.80%,31.8,Pikine,67.7,315.0,$0.31 ,French,44.20%,0.07,"16,296,364",45.70%,16.30%,44.80%,6.60%,"7,765,706",14.497401,-14.452362,3481.7377059876226,Lower middle-income,Africa
Mauritania,4.723899841308594,0.1465384662151336,5.011115074157715,4.436684608459473,8.590913772583008,0.6438930630683899,60.47499847412109,0.6222173571586609,-0.0127996131777763,0.6573241949081421,1.777825117111206,1.0989632606506348,0.7642542123794556,0.2437156289815902,0.3201403021812439,0.1295636445283889,0.1946565061807632,1.9725751876831048,Mauritania,5,MR,38.50%,"1,030,700","21,000",33.69,222.0,Nouakchott,"2,739",135.02,2.30%,MRU,4.56,0.20%,$1.13 ,"$7,593,752,450 ",99.90%,5.00%,51.5,Nouakchott,64.7,766.0,$0.53 ,Arabic,48.20%,0.19,"4,525,696",45.90%,,67.00%,9.55%,"2,466,821",21.00789,-10.940835,5382.529837134414,Upper middle-income,Africa
Burkina Faso,4.637599945068359,0.092616356909275,4.819128036499023,4.456071853637695,7.666715621948242,0.6634751558303833,55.461307525634766,0.696463406085968,0.0953673347830772,0.7713660597801208,1.777825117111206,0.7675022482872009,0.8137190341949463,0.107109248638153,0.4189414381980896,0.1876003295183181,0.1129720658063888,2.229743242263794,Burkina Faso,76,BF,44.20%,"274,200","11,000",37.93,226.0,Ouagadougou,"3,418",106.58,-3.20%,XOF,5.19,19.30%,$0.98 ,"$15,745,810,235 ",96.10%,6.50%,49.0,Ouagadougou,61.2,320.0,$0.34 ,French,36.10%,0.08,"20,321,378",66.40%,15.00%,41.30%,6.26%,"6,092,349",12.238333,-1.561593,2136.0543018006065,Lower middle-income,Africa
Namibia,4.630799770355225,0.0688771083950996,4.765799045562744,4.495800495147705,9.120738983154297,0.7869246602058411,56.8513298034668,0.6694822311401367,-0.1255770772695541,0.8303823471069336,1.777825117111206,1.2889835834503174,1.125555157661438,0.1449827253818512,0.3830368816852569,0.0690532252192497,0.0707006379961967,1.5485124588012695,Namibia,3,,47.10%,"824,292","16,000",28.64,264.0,Windhoek,"4,228",157.97,3.70%,,3.4,8.30%,$0.76 ,"$12,366,527,719 ",124.20%,22.90%,29.0,Windhoek,63.4,195.0,,English,8.30%,0.42,"2,494,530",59.50%,27.10%,20.70%,20.27%,"1,273,258",-22.95764,18.49041,9142.95561075014,Upper middle-income,Africa
Ghana,4.605000019073486,0.0632407441735267,4.728951930999756,4.481048107147217,8.595744132995605,0.6406720876693726,58.76277542114258,0.7769143581390381,0.1392538547515869,0.8805339336395264,1.777825117111206,1.1006957292556765,0.7561179399490356,0.1970632523298263,0.5259996056556702,0.2111475020647049,0.0347787030041217,1.7792224884033203,Ghana,137,GH,69.00%,"238,533","16,000",29.41,233.0,Accra,"16,670",268.36,7.20%,GHS,3.87,41.20%,$0.92 ,"$66,983,634,224 ",104.80%,15.70%,34.9,Accra,63.8,308.0,$0.27 ,English,36.10%,0.14,"30,792,608",67.80%,12.60%,55.40%,4.33%,"17,249,054",7.946527,-1.023194,5408.592291027197,Upper middle-income,Africa
Pakistan,4.555399894714356,0.0773996636271476,4.707103252410889,4.403696537017822,8.54032039642334,0.6013326644897461,57.3125,0.7656802535057068,0.0078154867514967,0.7866216897964478,1.777825117111206,1.0808181762695312,0.6567456722259521,0.1575480848550796,0.5110501050949097,0.1406246274709701,0.1020449548959732,1.9065701961517327,Pakistan,287,PK,47.80%,"796,095","936,000",28.25,92.0,Islamabad,"201,150",182.32,10.60%,PKR,3.51,1.90%,$0.79 ,"$304,400,000,000 ",94.30%,9.00%,57.2,Karachi,67.1,140.0,$0.69 ,Urdu,66.50%,0.98,"216,565,318",52.60%,9.20%,33.90%,4.45%,"79,927,762",30.375321,69.345116,5116.983562268977,Upper middle-income,Asia
Niger,4.501299858093262,0.1075107678771019,4.7120208740234375,4.290578842163086,7.0909833908081055,0.5900665521621704,56.54999923706055,0.7877514958381653,0.0322939865291118,0.733547568321228,1.777825117111206,0.5610174536705017,0.6282872557640076,0.1367724686861038,0.5404208898544312,0.1537584811449051,0.1400602012872696,2.341014623641968,Niger,19,NE,36.10%,"1,267,000","10,000",46.08,227.0,Niamey,"2,017",109.32,-2.50%,XOF,6.91,0.90%,$0.88 ,"$12,928,145,120 ",74.70%,4.40%,48.0,Niamey,62.0,509.0,$0.29 ,French,52.30%,0.04,"23,310,715",72.00%,11.80%,47.20%,0.47%,"3,850,231",17.607789,8.081666,1201.088359292675,Lower middle-income,Africa
Tunisia,4.496699810028076,0.0531427040696144,4.600859642028809,4.392539978027344,9.24356746673584,0.7297623753547668,67.00008392333984,0.5764917731285095,-0.2126037180423736,0.9067373871803284,1.777825117111206,1.3330357074737549,0.9811620116233826,0.4215024709701538,0.2592920660972595,0.022359324619174,0.0160100311040878,1.4633100032806396,Tunisia,76,TN,64.80%,"163,610","48,000",17.56,216.0,Tunis,"29,937",155.33,6.70%,TND,2.2,6.80%,$0.73 ,"$38,797,709,924 ",115.40%,31.70%,14.6,Tunis,76.5,43.0,$0.47 ,Arabic,39.80%,1.3,"11,694,719",46.10%,21.10%,60.70%,16.02%,"8,099,061",33.886917,9.537499,10337.852798057753,Upper middle-income,Africa
Kenya,4.486599922180176,0.0662471279501915,4.616444110870361,4.35675573348999,8.458258628845215,0.6900045871734619,58.49850845336914,0.6955903768539429,0.2881151735782623,0.8524206876754761,1.777825117111206,1.0513869524002075,0.8807329535484314,0.1898628622293472,0.4177796840667724,0.2910186350345611,0.0549152977764606,1.6008830070495603,Kenya,94,KE,48.50%,"580,367","29,000",28.75,254.0,Nairobi,"17,910",180.51,4.70%,KES,3.49,7.80%,$0.95 ,"$95,503,088,538 ",103.20%,11.50%,30.6,Nairobi,66.3,342.0,$0.25 ,Swahili,33.40%,0.16,"52,573,973",74.70%,15.10%,37.20%,2.64%,"14,461,523",-0.023559,37.906193,4713.842297413796,Upper middle-income,Africa
Sri Lanka,4.441599845886231,0.0825917050242424,4.603479385375977,4.279720306396484,9.491007804870604,0.8259633183479309,67.14990234375,0.7865561246871948,-0.0299883000552654,0.8084906339645386,1.777825117111206,1.4217795133590698,1.2241677045822144,0.4255845248699188,0.5388301610946655,0.1203411072492599,0.0863809511065483,0.6245477199554443,Sri Lanka,341,LK,43.70%,"65,610","317,000",15.83,94.0,Colombo,"23,362",155.53,3.50%,LKR,2.2,32.90%,$0.88 ,"$84,008,783,756 ",100.20%,19.60%,6.4,Colombo,76.8,36.0,$0.35 ,Tamil,38.40%,1.0,"21,803,000",53.90%,11.90%,55.20%,4.20%,"4,052,088",7.873054,80.771797,13240.13207468471,High-income,Asia
Uganda,4.432499885559082,0.088823489844799,4.606594085693359,4.258405685424805,7.715771675109863,0.7940431237220764,58.91272735595703,0.7012752890586853,0.1137360781431198,0.8572147488594055,1.777825117111206,0.7850960493087769,1.1435365676879885,0.2011489421129226,0.4253447353839874,0.1974560320377349,0.05148147046566,1.628458023071289,Uganda,229,UG,71.90%,"241,038","46,000",38.14,256.0,Kampala,"5,680",173.87,2.90%,UGX,4.96,9.70%,$0.94 ,"$34,387,229,486 ",102.70%,4.80%,33.8,Buganda,63.0,375.0,$0.01 ,Swahili,40.50%,0.17,"44,269,594",70.30%,11.70%,33.70%,1.84%,"10,784,516",1.373333,32.290275,2243.4534471710917,Lower middle-income,Africa
Chad,4.396599769592285,0.1206093952059745,4.632994174957275,4.160205364227295,7.261128902435303,0.7220418453216553,53.125,0.6767348647117615,0.2211616784334182,0.8067120909690857,1.777825117111206,0.6220396757125854,0.9616597890853882,0.043452650308609,0.3926881551742553,0.2550949156284332,0.0876548662781715,2.0340559482574463,Chad,13,TD,39.70%,"1,284,000","35,000",42.17,235.0,N'Djamena,"1,016",117.7,-1.00%,XAF,5.75,3.80%,$0.78 ,"$11,314,951,343 ",86.80%,3.30%,71.4,N'Djamena,54.0,1140.0,$0.60 ,French,56.40%,0.04,"15,946,876",70.70%,,63.50%,1.89%,"3,712,273",15.454166,18.732207,1423.8630326873722,Lower middle-income,Africa
Cambodia,4.393499851226807,0.0586138404905796,4.508382797241211,4.278616905212402,8.384782791137695,0.7465294599533081,61.89963150024414,0.9584201574325562,0.0733139291405677,0.8572046160697937,1.777825117111206,1.02503502368927,1.023516058921814,0.282532125711441,0.767534077167511,0.1757676303386688,0.0514887273311615,1.0675981044769287,Cambodia,95,KH,30.90%,"181,035","191,000",22.46,855.0,Phnom Penh,"9,919",127.63,2.50%,,2.5,52.90%,$0.90 ,"$27,089,389,787 ",107.40%,13.70%,24.0,Phnom Penh,69.6,160.0,,Khmer language,59.40%,0.17,"16,486,542",82.30%,17.10%,23.10%,0.68%,"3,924,621",12.565679,104.990963,4379.907091405754,Upper middle-income,Asia
Benin,4.373700141906738,0.0662552341818809,4.503560543060303,4.243839740753174,8.103285789489746,0.4370720982551574,56.09510040283203,0.7433569431304932,-0.0425225719809532,0.5756282806396484,1.777825117111206,0.9240769147872924,0.241819828748703,0.1243779957294464,0.4813438951969147,0.1136158779263496,0.2531726062297821,2.235269069671631,Benin,108,BJ,33.30%,"112,622","12,000",36.22,229.0,Porto-Novo,"6,476",110.71,-0.90%,XOF,4.84,37.80%,$0.72 ,"$14,390,709,095 ",122.00%,12.30%,60.5,Cotonou,61.5,397.0,$0.39 ,French,40.50%,0.08,"11,801,151",70.90%,10.80%,48.90%,2.23%,"5,648,149",9.30769,2.315834,3305.3108075725945,Lower middle-income,Africa
Myanmar,4.372499942779541,0.0818159952759742,4.532859325408936,4.2121405601501465,8.403970718383789,0.7867182493209839,61.38812255859375,0.7271373271942139,0.4913972020149231,0.6584481000900269,1.777825117111206,1.0319167375564575,1.1250338554382324,0.2685952186584472,0.4597600102424621,0.4000890254974365,0.1938514858484268,0.8932301998138428,Myanmar,83,MM,19.50%,"676,578","513,000",17.55,95.0,Naypyidaw,"25,280",168.18,8.80%,MMK,2.15,43.60%,$0.54 ,"$76,085,852,617 ",112.30%,18.80%,36.8,Yangon,66.9,250.0,$0.39 ,Burmese,73.90%,0.68,"54,045,420",61.70%,5.40%,31.20%,1.58%,"16,674,093",21.916221,95.955974,4464.759901407492,Upper middle-income,Asia
Bangladesh,4.282100200653076,0.0684164613485336,4.416196346282959,4.148004055023193,8.684880256652832,0.5444689989089966,64.54842376708984,0.8450080156326294,0.0050503765232861,0.6981850862503052,1.777825117111206,1.1326640844345093,0.5131068229675293,0.354702889919281,0.6166136264801025,0.1391410231590271,0.1653891950845718,1.3605048656463623,Bangladesh,"1,265",BD,70.60%,"148,460","221,000",18.18,880.0,Dhaka,"84,246",179.68,5.60%,BDT,2.04,11.00%,$1.12 ,"$302,571,254,131 ",116.50%,20.60%,25.1,Dhaka,72.3,173.0,$0.51 ,Bengali,71.80%,0.58,"167,310,838",59.00%,8.80%,33.40%,4.19%,"60,987,417",23.684994,90.356331,5912.832432873996,Upper middle-income,Asia
Mali,4.197800159454346,0.0619144327938556,4.319152355194092,4.0764479637146,7.655168056488037,0.5934811234474182,55.40291976928711,0.7128318548202515,-0.0282113049179315,0.8460237383842468,1.777825117111206,0.7633607387542725,0.6369125247001648,0.1055183783173561,0.4407233595848083,0.1212945505976677,0.0594972223043441,2.0704944133758545,Mali,17,ML,33.80%,"1,240,192","18,000",41.54,223.0,Bamako,"3,179",108.73,-1.70%,XOF,5.88,3.80%,$1.12 ,"$17,510,141,171 ",75.60%,4.50%,62.0,Bamako,58.9,562.0,$0.23 ,French,46.30%,0.13,"19,658,031",70.80%,11.60%,54.50%,7.22%,"8,479,688",17.570692,-3.996166,2111.52994574614,Lower middle-income,Africa
Egypt,4.170499801635742,0.0592931136488914,4.28671407699585,4.054285526275635,9.366826057434082,0.726098895072937,63.50303649902344,0.732426106929779,-0.1829059422016143,0.5802462100982666,1.777825117111206,1.377242088317871,0.9719079732894896,0.3262195885181427,0.4667979478836059,0.0382935814559459,0.2498649358749389,0.7401983737945557,Egypt,103,EG,3.80%,"1,001,450","836,000",26.38,20.0,Cairo,"238,560",288.57,9.20%,EGP,3.33,0.10%,$0.40 ,"$303,175,127,598 ",106.30%,35.20%,18.1,Cairo,71.8,37.0,,Modern Standard Arabic,62.00%,0.45,"100,388,073",46.40%,12.50%,44.40%,10.76%,"42,895,824",26.820553,30.802498,11693.94022859262,Upper middle-income,Africa
Togo,4.137400150299072,0.0771484076976776,4.288610935211182,3.986189365386963,7.673266410827637,0.5953555107116699,57.44898223876953,0.6574302911758423,0.0240082331001758,0.7398090958595276,1.777825117111206,0.7698516249656677,0.6416472792625427,0.1612667590379715,0.3669990599155426,0.1493128091096878,0.1355752795934677,1.9126982688903809,Togo,152,TG,70.20%,"56,785","10,000",33.11,228.0,Lom�,"3,000",113.3,0.70%,XOF,4.32,3.10%,$0.71 ,"$5,459,979,417 ",123.80%,14.50%,47.4,Lom�,60.8,396.0,$0.34 ,French,51.00%,0.08,"8,082,366",77.60%,16.90%,48.20%,2.04%,"3,414,638",8.619543,0.824782,2150.0930748823234,Lower middle-income,Africa
Jordan,4.119800090789795,0.0624685548245906,4.242238521575928,3.997361660003662,9.13038158416748,0.7292184233665466,67.5999984741211,0.7701277136802673,-0.1498849242925644,0.6872015595436096,1.777825117111206,1.292441964149475,0.9797879457473756,0.437848150730133,0.5169684290885925,0.0560109168291091,0.1732563376426696,0.6634490489959717,Jordan,115,JO,12.00%,"89,342","116,000",21.98,962.0,Amman,"25,108",125.6,0.80%,JOD,2.76,1.10%,$1.10 ,"$43,743,661,972 ",81.50%,34.40%,13.9,Amman,74.4,46.0,$1.49 ,Arabic,25.10%,2.32,"10,101,694",39.30%,15.10%,28.60%,14.72%,"9,213,048",30.585164,36.238414,9231.543908180349,Upper middle-income,Asia
Ethiopia,4.09060001373291,0.0929527804255485,4.272787570953369,3.908412456512451,7.738730430603027,0.7824801206588745,60.69827651977539,0.7202762365341187,0.2733151912689209,0.7886511087417603,1.777825117111206,0.7933301329612732,1.114328145980835,0.2497992068529129,0.4506298005580902,0.2830777466297149,0.1005913540720939,1.0988726615905762,Ethiopia,115,ET,36.30%,"1,104,300","138,000",32.34,251.0,Addis Ababa,"14,870",143.86,15.80%,ETB,4.25,12.50%,$0.75 ,"$96,107,662,398 ",101.00%,8.10%,39.1,Addis Ababa,66.2,401.0,,Amharic,37.80%,0.08,"112,078,730",79.60%,7.50%,37.70%,2.08%,"23,788,710",9.145,40.489673,2295.556164487597,Lower middle-income,Africa
Liberia,4.042300224304199,0.1442645788192749,4.325058937072754,3.759541749954224,7.27675199508667,0.5963802337646484,56.70000076293945,0.7352649569511414,0.1543213427066803,0.8300513029098511,1.777825117111206,0.6276428699493408,0.6442357301712036,0.1408595144748687,0.4705756604671478,0.2192319184541702,0.0709377527236938,1.868776798248291,Liberia,53,LR,28.00%,"111,369","2,000",33.04,231.0,Monrovia,"1,386",223.13,23.60%,,4.32,43.10%,$0.80 ,"$3,070,518,100 ",85.10%,11.90%,53.5,Monrovia,63.7,661.0,$0.17 ,English,19.60%,0.04,"4,937,374",76.30%,12.90%,46.20%,2.81%,"2,548,426",6.428055,-9.429499,1446.282854225232,Lower middle-income,Africa
India,4.035799980163574,0.0285522658377885,4.091762542724609,3.979837656021118,8.758988380432129,0.6082374453544617,60.77688217163086,0.896719217300415,0.0717499554157257,0.7735828757286072,1.777825117111206,1.1592427492141724,0.6741873025894165,0.2519409656524658,0.6854270696640015,0.1749284863471985,0.1113842353224754,0.9786405563354492,India,464,IN,60.40%,"3,287,263","3,031,000",17.86,91.0,New Delhi,"2,407,672",180.44,7.70%,INR,2.22,23.80%,$0.97 ,"$2,611,000,000,000 ",113.00%,28.10%,29.9,Kurebhar,69.4,145.0,$0.30 ,Hindi,65.10%,0.86,"1,366,417,754",49.30%,11.20%,49.70%,5.36%,"471,031,528",20.593684,78.96288,6367.666662442272,Upper middle-income,Asia
Madagascar,4.019100189208984,0.0920234248042106,4.199466228485107,3.83873438835144,7.290209770202637,0.6498976349830627,58.04999923706055,0.5218921303749084,0.0754376798868179,0.7418231964111328,1.777825117111206,0.6324694752693176,0.779421865940094,0.1776424795389175,0.1866349130868911,0.1769071072340011,0.1341326534748077,1.9319255352020264,Madagascar,48,MG,71.20%,"587,041","22,000",32.66,261.0,Antananarivo,"3,905",184.33,5.60%,MGA,4.08,21.40%,$1.11 ,"$14,083,906,357 ",142.50%,5.40%,38.2,Antananarivo,66.7,335.0,$0.21 ,French,21.70%,0.18,"26,969,307",86.10%,10.20%,38.30%,1.76%,"10,210,849",-18.766947,46.869107,1465.8781625135182,Lower middle-income,Africa
Zambia,3.982199907302856,0.0943964347243309,4.167216777801514,3.79718279838562,8.073851585388184,0.6935360431671143,55.03213882446289,0.7908714413642883,0.0983889028429985,0.8175567388534546,1.777825117111206,0.9135203957557678,0.8896535038948059,0.0954158306121826,0.544572651386261,0.1892215311527252,0.0798871964216232,1.2699575424194336,Zambia,25,ZM,32.10%,"752,618","16,000",36.19,260.0,Lusaka,"5,141",212.31,9.20%,ZMW,4.63,65.20%,$1.40 ,"$23,064,722,446 ",98.70%,4.10%,40.4,Lusaka,63.5,213.0,$0.24 ,English,27.50%,1.19,"17,861,030",74.60%,16.20%,15.60%,11.43%,"7,871,713",-13.133897,27.849332,3209.4394842808924,Lower middle-income,Africa
Tanzania,3.69379997253418,0.0747866481542587,3.840381860733032,3.547218084335327,7.857411861419678,0.652874767780304,59.401485443115234,0.8379266262054443,0.1819900274276733,0.5538731813430786,1.777825117111206,0.8358948826789856,0.786942183971405,0.2144659757614135,0.6071901917457581,0.2340774834156036,0.2687550783157348,0.7465043067932129,Tanzania,67,TZ,44.80%,"947,300","28,000",36.7,255.0,Dodoma,"11,973",187.43,3.50%,TZS,4.89,51.60%,$0.87 ,"$63,177,068,175 ",94.20%,4.00%,37.6,Dar es Salaam,65.0,524.0,$0.09 ,Swahili,26.10%,0.01,"58,005,463",83.40%,11.50%,43.80%,1.98%,"20,011,885",-6.369028,34.888822,2584.821833663603,Lower middle-income,Africa
Comoros,3.5452001094818115,0.1165985912084579,3.773733377456665,3.316666841506958,8.074591636657715,0.470725268125534,59.42499923706055,0.4698722958564758,-0.0142812309786677,0.7269982695579529,1.777825117111206,0.9137858152389526,0.3268284797668457,0.215106651186943,0.1174107640981674,0.1287686973810196,0.1447512507438659,1.6985520124435425,Comoros,467,KM,71.50%,"2,235",,31.88,269.0,"Moroni, Comoros",202,103.62,-4.30%,KMF,4.21,19.70%,,"$1,185,728,677 ",99.50%,9.00%,51.3,"Moroni, Comoros",64.1,273.0,$0.71 ,French,74.80%,0.27,"850,886",43.30%,,219.60%,4.34%,"248,152",-11.6455,43.3333,3211.81551312886,Lower middle-income,Africa
Malawi,3.495199918746948,0.0895595848560333,3.670736789703369,3.319663047790528,7.301522731781006,0.5307964086532593,58.475345611572266,0.7500357627868652,0.0051932921633124,0.748948872089386,1.777825117111206,0.6365268230438232,0.4785695374011993,0.1892317533493042,0.4902315735816955,0.1392176896333694,0.1290287524461746,1.4324421882629397,Malawi,203,MW,61.40%,"118,484","15,000",34.12,265.0,Lilongwe,"1,298",418.34,9.40%,MWK,4.21,33.20%,$1.15 ,"$7,666,704,427 ",142.50%,0.80%,35.3,Lilongwe,63.8,349.0,$0.12 ,English,11.00%,0.04,"18,628,747",76.70%,17.30%,34.50%,5.65%,"3,199,301",-13.254308,34.301525,1482.5557443957916,Lower middle-income,Africa
Botswana,3.43530011177063,0.1361463814973831,3.702147006988525,3.1684532165527344,9.629345893859863,0.753311276435852,54.72499847412109,0.7422487139701843,-0.2146205604076385,0.830392062664032,1.777825117111206,1.4713940620422363,1.040647029876709,0.087047278881073,0.4798691272735595,0.021277192980051,0.0706936791539192,0.2643465995788574,Botswana,4,BW,45.60%,"581,730","9,000",24.82,267.0,Gaborone,"6,340",149.75,2.80%,BWP,2.87,18.90%,$0.71 ,"$18,340,510,789 ",103.20%,24.90%,30.0,Gaborone,69.3,144.0,$0.29 ,English,5.30%,0.37,"2,346,179",70.80%,19.50%,25.10%,18.19%,"1,616,550",-22.328474,24.684866,15204.487505081586,High-income,Africa
Zimbabwe,3.2035000324249268,0.060864582657814,3.3227946758270264,3.084205389022827,7.640997886657715,0.6899175047874451,54.04988861083984,0.6540554761886597,-0.0462302304804325,0.7655823230743408,1.777825117111206,0.7582786083221436,0.8805129528045654,0.0686527863144874,0.362508088350296,0.1116265505552291,0.1171147674322128,0.904855728149414,Zimbabwe,38,ZW,41.90%,"390,757","51,000",30.68,263.0,Harare,"10,983",105.51,0.90%,,3.62,35.50%,$1.34 ,"$21,440,758,800 ",109.90%,10.00%,33.9,Harare,61.2,458.0,,Shona,25.80%,0.21,"14,645,468",83.10%,20.70%,31.60%,4.95%,"4,717,305",-19.015438,29.154857,2081.8202010032496,Lower middle-income,Africa
Sierra Leone,3.13759994506836,0.0824408531188964,3.299184083938598,2.97601580619812,7.394014358520508,0.5552510619163513,54.89985275268555,0.6603673100471497,0.1049290895462036,0.8577796816825867,1.777825117111206,0.6696986556053162,0.5403425097465515,0.0918114781379699,0.3709074258804321,0.1927306503057479,0.0510768257081508,1.2210063934326172,Sierra Leone,111,SL,54.70%,"71,740","9,000",33.41,232.0,Freetown,"1,093",234.16,14.80%,SLL,4.26,43.10%,$1.08 ,"$3,941,474,311 ",112.80%,2.00%,78.5,Freetown,54.3,1120.0,$0.57 ,English,38.20%,0.03,"7,813,215",57.90%,8.60%,30.70%,4.43%,"3,319,366",8.460555,-11.779889,1626.2212622921977,Lower middle-income,Africa
Lebanon,2.392199993133545,0.0444951690733432,2.479410409927368,2.3049895763397217,9.47767734527588,0.5297536849975586,66.14881896972656,0.4739002883434295,-0.1409149914979934,0.8911038637161255,1.777825117111206,1.4169986248016355,0.4759355783462524,0.3983083367347717,0.1227709203958511,0.0608237087726593,0.0272078104317188,-0.1097984313964843,Lebanon,667,LB,64.30%,"10,400","80,000",17.55,961.0,Beirut,"24,796",130.02,3.00%,LBP,2.09,13.40%,$0.74 ,"$53,367,042,272 ",95.10%,26.30%,6.4,"Tripoli, Lebanon",78.9,29.0,$2.15 ,Arabic,32.10%,2.1,"6,855,713",47.00%,15.30%,32.20%,6.23%,"6,084,994",33.854721,35.862285,13064.806212488254,High-income,Asia
Afghanistan,1.8589999675750728,0.0325062870979309,1.922712326049805,1.7952876091003418,7.324032306671143,0.3413406312465668,54.71240997314453,0.381641685962677,-0.0810111239552497,0.8472148180007935,1.777825117111206,0.6445997953414917,0.0,0.086704283952713,0.0,0.0929649621248245,0.0586440935730934,0.976064920425415,Afghanistan,60,AF,58.10%,"652,230","323,000",32.49,93.0,Kabul,"8,672",149.9,2.30%,AFN,4.47,2.10%,$0.70 ,"$19,101,353,833 ",104.00%,9.70%,47.9,Kabul,64.5,638.0,$0.43 ,Pashto,78.40%,0.28,"38,041,754",48.90%,9.30%,71.40%,11.12%,"9,797,273",33.93911,67.709953,1516.3058694028207,Lower middle-income,Asia
